Year,Province,Division,District,Admin_Type,Urban_Rural,Dominant_Sector,Population,Population_Density,Area_km2,Literacy_Rate,Male_Literacy,Female_Literacy,GDP_Per_Capita,Poverty_Rate,Unemployment_Rate,Num_Schools,Num_Hospitals,Electricity_Access,Water_Access,Road_Network_km,Annual_Rainfall_mm,Avg_Temperature_C,Crime_Rate_per100k,Health_Expenditure_PKR,Education_Expenditure_PKR,Agriculture_Share_pct,Infant_Mortality_per1000,Life_Expectancy
2015,Azad Kashmir,Azad Kashmir,Bagh,District,Urban,Manufacturing,872419,401.28,2174.1,74.48,81.54,66.2,31161.0,22.21,10.85,207,10,80.42,65.05,2053,921.9,18.4,32.39,1279.0,1458.0,11.19,34.14,66.88
2016,Azad Kashmir,Azad Kashmir,Bagh,District,Rural,Services,890940,126.92,7019.8,73.8,79.59,67.26,32195.0,27.14,8.46,208,17,72.75,68.28,5920,715.3,28.7,16.28,1423.0,1906.0,26.15,32.87,65.29
2017,Azad Kashmir,Azad Kashmir,Bagh,District,Rural,Agriculture,913736,273.65,3339.0,64.18,68.45,58.49,55573.0,25.66,8.56,249,10,67.04,71.78,3572,1077.4,27.9,26.84,2556.0,2512.0,23.02,36.95,61.43
2018,Azad Kashmir,Azad Kashmir,Bagh,District,Urban,Services,929458,540.41,1719.9,70.05,74.5,57.04,52622.0,27.36,15.11,303,11,73.57,73.22,2047,571.4,26.9,25.13,2063.0,2751.0,30.8,38.58,64.98
2019,Azad Kashmir,Azad Kashmir,Bagh,District,Urban,Construction,970961,153.63,6320.0,70.6,75.74,52.45,54500.0,23.53,8.74,361,23,68.27,65.36,6928,711.0,31.2,36.58,2141.0,1946.0,39.49,37.57,64.06
2020,Azad Kashmir,Azad Kashmir,Bagh,District,Urban,Manufacturing,932876,205.37,4542.3,72.85,82.41,60.45,52686.0,25.13,7.18,219,14,74.32,69.16,3927,1497.3,19.9,29.59,2306.0,2470.0,48.75,50.18,69.24
2021,Azad Kashmir,Azad Kashmir,Bagh,District,Semi-Urban,Agriculture,934862,117.28,7970.9,78.09,82.76,65.04,41077.0,21.64,8.96,260,9,83.19,66.61,4496,1220.7,27.5,16.35,1016.0,1238.0,38.84,25.75,66.99
2022,Azad Kashmir,Azad Kashmir,Bagh,District,Rural,Healthcare,1058843,135.94,7789.2,68.07,73.81,60.08,54949.0,22.44,7.93,247,15,62.86,70.36,8803,1341.7,25.1,23.85,2613.0,2965.0,17.27,42.07,67.2
2023,Azad Kashmir,Azad Kashmir,Bagh,District,Urban,Mining,1040072,322.77,3222.4,71.0,81.16,55.03,33190.0,23.26,10.56,209,11,67.5,65.17,3187,1067.4,19.1,29.4,792.0,1627.0,54.01,35.0,65.93
2024,Azad Kashmir,Azad Kashmir,Bagh,District,Rural,Mining,1077585,153.0,7043.2,81.5,90.0,61.57,40262.0,15.66,10.52,329,20,81.44,83.87,4974,701.2,22.4,19.77,1105.0,1311.0,29.71,25.91,69.3
2015,Azad Kashmir,Azad Kashmir,Bhimber,District,Urban,Education,246297,444.63,553.9,73.81,80.66,64.63,40689.0,29.25,9.55,59,5,67.44,63.36,632,830.4,25.2,32.99,1511.0,1990.0,34.27,22.62,68.79
2016,Azad Kashmir,Azad Kashmir,Bhimber,District,Rural,Services,253591,131.53,1928.1,65.31,68.29,45.54,48768.0,31.52,12.28,110,3,65.13,64.85,1967,1229.1,27.4,24.03,1135.0,1837.0,28.12,38.14,61.6
2017,Azad Kashmir,Azad Kashmir,Bhimber,District,Semi-Urban,Agriculture,257962,137.49,1876.2,68.76,76.16,53.98,28710.0,23.61,11.96,76,2,63.01,74.6,2127,1356.0,19.4,25.13,1305.0,1052.0,10.66,36.1,66.65
2018,Azad Kashmir,Azad Kashmir,Bhimber,District,Rural,Mining,263021,74.98,3507.8,80.06,91.63,68.71,32015.0,20.67,8.38,120,4,86.83,73.35,3141,1284.1,24.4,23.36,1108.0,1204.0,54.79,30.68,68.28
2019,Azad Kashmir,Azad Kashmir,Bhimber,District,Urban,Agriculture,261866,43.51,6018.0,75.08,82.16,69.23,27663.0,23.5,9.5,119,4,68.32,73.35,5028,1419.4,25.4,18.09,1114.0,1090.0,48.31,27.87,66.68
2020,Azad Kashmir,Azad Kashmir,Bhimber,District,Semi-Urban,Construction,262724,111.96,2346.6,76.26,85.43,68.2,57807.0,21.2,9.8,69,3,74.93,76.5,980,1022.8,31.1,3.32,2276.0,2791.0,20.74,29.53,70.69
2021,Azad Kashmir,Azad Kashmir,Bhimber,District,Urban,Services,299660,525.84,569.9,64.81,67.49,54.57,61191.0,27.49,10.64,77,4,59.83,65.84,251,1005.9,19.9,43.78,2754.0,3558.0,20.99,40.15,65.04
2022,Azad Kashmir,Azad Kashmir,Bhimber,District,Rural,Services,293353,54.28,5404.8,76.5,79.57,69.77,64952.0,21.72,10.88,144,3,73.34,78.29,2992,1438.9,19.9,10.2,1709.0,2839.0,34.9,30.22,69.5
2023,Azad Kashmir,Azad Kashmir,Bhimber,District,Urban,Manufacturing,305250,71.14,4290.6,82.21,85.52,72.21,61728.0,13.29,9.95,110,3,74.75,82.57,4149,1329.3,18.6,34.64,2256.0,2908.0,54.09,25.72,68.53
2024,Azad Kashmir,Azad Kashmir,Bhimber,District,Urban,Healthcare,269952,37.9,7123.3,84.13,95.12,74.51,32733.0,21.43,8.6,57,3,88.24,83.16,2392,648.1,19.8,13.42,1006.0,1875.0,45.83,32.77,67.79
2015,Azad Kashmir,Azad Kashmir,Kotli,District,Semi-Urban,Services,900270,127.51,7060.3,67.4,73.53,59.75,39820.0,32.5,8.69,182,10,74.55,62.03,7089,662.5,29.2,20.46,1288.0,2262.0,18.07,43.63,62.76
2016,Azad Kashmir,Azad Kashmir,Kotli,District,Urban,Manufacturing,925816,546.53,1694.0,79.22,89.42,68.97,31255.0,30.55,8.43,225,14,71.88,76.75,544,699.6,30.9,16.67,806.0,1348.0,49.21,25.27,71.15
2017,Azad Kashmir,Azad Kashmir,Kotli,District,Urban,Services,958082,369.43,2593.4,75.41,79.2,55.85,55372.0,23.48,9.96,244,14,82.59,74.82,867,1439.2,19.6,22.61,2098.0,2427.0,53.31,31.35,68.09
2018,Azad Kashmir,Azad Kashmir,Kotli,District,Urban,Education,982777,124.69,7881.8,74.33,83.2,57.23,39411.0,26.22,9.92,418,10,69.75,64.07,7121,936.1,25.3,10.53,1219.0,1293.0,52.31,40.65,69.95
2019,Azad Kashmir,Azad Kashmir,Kotli,District,Rural,Construction,999972,350.33,2854.4,68.73,72.0,59.29,36960.0,28.79,12.44,220,12,66.36,64.6,2596,908.4,23.6,15.94,1740.0,2019.0,28.92,43.58,66.44
2020,Azad Kashmir,Azad Kashmir,Kotli,District,Rural,Healthcare,981963,1952.04,503.0,69.66,76.39,61.46,45742.0,25.75,7.29,343,14,71.4,72.31,484,965.0,24.2,15.96,1819.0,1891.0,50.55,42.6,65.42
2021,Azad Kashmir,Azad Kashmir,Kotli,District,Urban,Construction,1053831,877.9,1200.4,74.47,82.58,54.71,49703.0,28.58,9.02,217,19,71.67,79.43,807,647.4,18.6,41.98,1933.0,1878.0,44.58,38.45,65.63
2022,Azad Kashmir,Azad Kashmir,Kotli,District,Rural,Agriculture,1087867,466.92,2329.9,75.01,86.59,67.37,46525.0,21.95,9.25,274,26,78.77,79.16,1867,606.6,24.0,25.92,2211.0,1622.0,33.31,32.73,69.06
2023,Azad Kashmir,Azad Kashmir,Kotli,District,Rural,Manufacturing,1000902,223.24,4483.5,72.97,84.04,61.57,46776.0,26.94,10.13,272,16,77.0,70.87,4345,1315.0,30.5,10.85,1602.0,1888.0,30.07,37.09,67.66
2024,Azad Kashmir,Azad Kashmir,Kotli,District,Rural,Manufacturing,1040189,166.6,6243.6,76.75,84.16,66.96,55042.0,18.39,11.44,291,13,73.2,66.79,4025,785.7,21.8,19.71,1353.0,2122.0,16.23,38.31,70.16
2015,Azad Kashmir,Azad Kashmir,Mirpur,District,Rural,Services,645053,667.07,967.0,65.11,71.88,51.48,36964.0,23.69,11.52,143,10,70.15,74.27,945,519.5,30.3,28.07,1686.0,2519.0,52.42,43.51,72.24
2016,Azad Kashmir,Azad Kashmir,Mirpur,District,Urban,Construction,658260,143.22,4596.0,79.05,85.1,63.87,46890.0,24.43,9.56,172,12,74.44,75.91,5182,529.0,22.7,19.79,2317.0,2409.0,17.43,26.8,65.71
2017,Azad Kashmir,Azad Kashmir,Mirpur,District,Urban,Services,687893,125.7,5472.5,70.37,75.75,58.55,43278.0,25.14,14.59,305,10,76.34,63.45,5345,760.2,22.6,6.91,1946.0,1735.0,49.58,41.21,62.89
2018,Azad Kashmir,Azad Kashmir,Mirpur,District,Urban,Manufacturing,668649,147.1,4545.6,68.73,72.73,49.49,25558.0,24.29,13.25,133,10,71.61,74.05,2339,1151.8,28.6,23.53,874.0,884.0,10.92,41.51,63.08
2019,Azad Kashmir,Azad Kashmir,Mirpur,District,Rural,Mining,736483,304.1,2421.8,73.83,81.61,64.16,41573.0,20.48,13.91,237,9,80.9,77.12,2202,1277.8,20.3,25.54,2026.0,1907.0,51.8,25.58,67.52
2020,Azad Kashmir,Azad Kashmir,Mirpur,District,Urban,Construction,740112,130.31,5679.6,71.78,81.6,52.02,29110.0,17.43,8.28,190,16,76.19,78.02,5085,1100.4,19.7,34.58,642.0,1627.0,25.62,35.26,65.9
2021,Azad Kashmir,Azad Kashmir,Mirpur,District,Rural,Mining,686024,164.26,4176.5,83.23,91.73,70.4,42472.0,20.01,6.16,207,11,88.28,79.94,4164,653.0,20.5,24.05,1442.0,2677.0,37.72,40.67,72.03
2022,Azad Kashmir,Azad Kashmir,Mirpur,District,Rural,Construction,765780,327.09,2341.2,71.15,78.09,61.1,40092.0,19.31,9.41,159,13,70.79,75.48,1149,1069.8,27.4,36.52,1761.0,1749.0,24.63,37.22,64.48
2023,Azad Kashmir,Azad Kashmir,Mirpur,District,Rural,Healthcare,829965,322.69,2572.0,73.94,82.4,58.58,55885.0,18.04,12.87,408,8,67.83,77.25,811,988.6,28.6,8.98,1611.0,2581.0,32.09,33.44,67.44
2024,Azad Kashmir,Azad Kashmir,Mirpur,District,Rural,Services,744657,227.89,3267.7,75.89,80.2,66.29,56085.0,31.45,10.22,203,12,83.25,75.52,1331,851.8,24.4,26.92,2023.0,3392.0,42.46,33.45,67.89
2015,Azad Kashmir,Azad Kashmir,Muzaffarabad,District,Semi-Urban,Services,412464,69.5,5934.4,72.57,74.71,64.88,37520.0,26.36,12.92,83,5,69.56,63.69,2023,694.1,21.2,11.07,812.0,1564.0,34.04,47.12,62.87
2016,Azad Kashmir,Azad Kashmir,Muzaffarabad,District,Urban,Agriculture,426323,69.37,6145.9,74.6,85.21,65.81,43457.0,22.27,8.57,184,10,71.4,72.98,4060,840.7,31.5,21.82,966.0,2398.0,15.13,39.67,66.45
2017,Azad Kashmir,Azad Kashmir,Muzaffarabad,District,Rural,Construction,421871,89.35,4721.3,69.85,77.08,61.47,29000.0,28.47,10.73,144,4,64.64,74.66,2679,1106.3,29.1,16.52,1092.0,1367.0,30.27,42.59,66.57
2018,Azad Kashmir,Azad Kashmir,Muzaffarabad,District,Rural,Education,443159,57.55,7700.8,70.05,73.62,56.77,26915.0,28.48,11.1,192,5,72.43,64.84,6425,581.2,21.4,16.3,773.0,1057.0,28.38,29.03,63.57
2019,Azad Kashmir,Azad Kashmir,Muzaffarabad,District,Urban,Services,460052,117.8,3905.2,76.34,83.78,64.96,49715.0,21.02,8.93,113,4,80.52,77.39,4076,1161.2,31.1,28.26,1101.0,1821.0,39.14,38.33,69.53
2020,Azad Kashmir,Azad Kashmir,Muzaffarabad,District,Urban,Construction,450260,94.41,4769.1,74.06,76.87,61.65,52826.0,26.69,8.55,157,9,76.98,76.95,4583,1442.7,25.0,27.97,2013.0,1639.0,11.79,34.37,68.93
2021,Azad Kashmir,Azad Kashmir,Muzaffarabad,District,Urban,Services,452937,65.13,6953.9,76.02,83.21,68.39,51701.0,21.47,9.59,120,10,79.89,81.05,3222,1076.2,28.7,24.35,1942.0,2864.0,29.9,30.3,71.99
2022,Azad Kashmir,Azad Kashmir,Muzaffarabad,District,Rural,Construction,481298,154.77,3109.7,80.82,90.96,61.65,31453.0,14.8,10.46,160,6,85.61,75.3,1179,1193.7,22.0,23.01,867.0,1089.0,34.75,28.01,69.23
2023,Azad Kashmir,Azad Kashmir,Muzaffarabad,District,Rural,Services,519718,77.72,6687.0,80.08,86.5,67.6,62190.0,19.37,7.34,259,5,79.0,69.15,5311,1018.4,26.7,15.4,2975.0,2956.0,12.32,34.02,67.9
2024,Azad Kashmir,Azad Kashmir,Muzaffarabad,District,Semi-Urban,Agriculture,526327,67.49,7798.6,73.43,84.56,53.55,34565.0,24.1,10.77,137,9,68.47,73.44,6885,1052.3,19.3,27.61,851.0,2326.0,30.77,41.71,66.08
2015,Azad Kashmir,Azad Kashmir,Neelum,District,Urban,Healthcare,520509,126.38,4118.7,68.41,71.11,61.36,35431.0,24.94,10.78,152,7,63.74,61.96,2773,1099.4,28.4,34.44,1702.0,1783.0,44.77,43.24,65.2
2016,Azad Kashmir,Azad Kashmir,Neelum,District,Rural,Services,536391,195.82,2739.2,70.89,78.32,57.61,32340.0,24.54,8.55,142,5,71.14,63.23,2965,1038.6,22.8,21.26,1598.0,1279.0,30.49,43.82,67.81
2017,Azad Kashmir,Azad Kashmir,Neelum,District,Urban,Manufacturing,541085,151.11,3580.8,72.26,75.78,57.48,51796.0,25.48,11.15,183,7,78.73,69.04,2692,1488.4,29.1,17.89,1953.0,3356.0,53.42,37.77,66.7
2018,Azad Kashmir,Azad Kashmir,Neelum,District,Rural,Education,571852,128.66,4444.6,75.57,80.95,56.03,39541.0,22.43,13.99,169,6,74.16,77.33,1654,654.4,24.6,23.02,1181.0,2253.0,41.17,32.5,71.39
2019,Azad Kashmir,Azad Kashmir,Neelum,District,Rural,Agriculture,570832,109.75,5201.0,77.96,82.24,68.65,58308.0,21.75,13.58,122,8,78.28,78.62,5119,734.8,27.6,12.35,2397.0,1984.0,14.07,29.02,67.19
2020,Azad Kashmir,Azad Kashmir,Neelum,District,Urban,Mining,558417,778.71,717.1,79.16,82.96,63.94,36985.0,13.18,5.26,187,12,76.62,75.9,777,744.2,23.8,21.23,1427.0,1466.0,17.88,35.36,70.69
2021,Azad Kashmir,Azad Kashmir,Neelum,District,Semi-Urban,Mining,631797,159.6,3958.6,67.8,74.22,60.43,32419.0,33.43,12.58,228,11,61.16,73.72,2253,1401.2,27.5,19.13,1584.0,1868.0,25.55,30.76,68.05
2022,Azad Kashmir,Azad Kashmir,Neelum,District,Semi-Urban,Agriculture,603755,75.51,7995.3,76.18,86.48,70.85,39337.0,23.03,4.48,132,13,74.28,71.93,6470,795.9,27.8,12.32,1596.0,2352.0,27.81,33.75,67.74
2023,Azad Kashmir,Azad Kashmir,Neelum,District,Semi-Urban,Education,569133,134.69,4225.5,75.23,84.0,60.91,52235.0,22.57,8.58,120,9,79.69,76.08,3856,852.3,26.9,24.89,1259.0,1770.0,42.44,29.53,67.28
2024,Azad Kashmir,Azad Kashmir,Neelum,District,Rural,Services,653972,101.95,6414.6,68.76,78.62,60.75,31313.0,27.76,12.25,311,10,63.85,76.64,4989,826.7,23.8,34.83,1484.0,1980.0,49.44,34.61,65.02
2015,Azad Kashmir,Azad Kashmir,Poonch,District,Semi-Urban,Healthcare,485182,74.09,6548.7,79.76,89.0,61.85,37448.0,20.58,11.38,114,8,73.51,87.05,6706,640.8,31.5,18.64,1160.0,2308.0,54.1,42.45,72.44
2016,Azad Kashmir,Azad Kashmir,Poonch,District,Urban,Mining,490202,125.34,3910.9,67.3,69.55,58.79,40285.0,25.27,13.25,121,6,69.34,73.65,2327,1440.3,19.5,30.1,1543.0,2252.0,49.79,37.45,64.5
2017,Azad Kashmir,Azad Kashmir,Poonch,District,Rural,Services,510625,88.68,5758.1,78.09,85.47,69.57,39162.0,13.92,6.82,129,10,70.96,67.12,5202,1495.9,19.6,2.45,1656.0,2657.0,27.49,31.8,69.86
2018,Azad Kashmir,Azad Kashmir,Poonch,District,Urban,Healthcare,515603,310.81,1658.9,70.77,77.2,60.21,49572.0,29.95,11.89,158,11,71.03,68.31,1039,1451.5,18.5,24.34,2450.0,2216.0,52.77,37.47,67.82
2019,Azad Kashmir,Azad Kashmir,Poonch,District,Urban,Services,551488,578.0,954.1,75.52,87.23,60.93,47725.0,22.11,5.31,195,5,82.2,80.68,495,591.7,21.0,19.08,1135.0,2510.0,12.28,28.17,69.0
2020,Azad Kashmir,Azad Kashmir,Poonch,District,Urban,Services,514275,250.42,2053.7,68.49,71.94,50.62,53397.0,27.7,11.65,194,5,66.57,61.17,2092,1400.5,18.0,20.28,1244.0,3453.0,15.85,49.18,64.91
2021,Azad Kashmir,Azad Kashmir,Poonch,District,Rural,Mining,525194,81.89,6413.2,71.75,78.23,65.8,40228.0,20.95,9.61,139,12,68.55,63.52,2553,921.0,19.6,13.02,1413.0,2728.0,26.29,34.18,64.13
2022,Azad Kashmir,Azad Kashmir,Poonch,District,Rural,Agriculture,524101,74.85,7002.4,74.29,81.19,59.0,57325.0,23.02,10.6,147,7,81.32,64.36,7767,979.0,23.6,29.92,1700.0,2060.0,50.94,39.68,66.05
2023,Azad Kashmir,Azad Kashmir,Poonch,District,Rural,Healthcare,538655,110.15,4890.2,72.55,75.69,55.65,52925.0,21.42,9.2,130,8,74.25,67.56,3893,1005.6,24.0,2.57,2433.0,2498.0,39.46,28.9,69.5
2024,Azad Kashmir,Azad Kashmir,Poonch,District,Rural,Agriculture,645339,96.24,6705.6,79.86,86.6,64.55,46163.0,16.12,9.07,201,7,76.56,74.13,2574,754.9,31.4,25.81,1057.0,2749.0,14.11,27.22,69.12
2015,Azad Kashmir,Azad Kashmir,Sudhnati,District,Urban,Services,1046916,222.19,4711.9,63.97,75.65,48.15,40629.0,28.83,9.09,350,22,62.87,67.68,1852,1250.3,30.2,13.03,1431.0,1470.0,37.02,38.39,62.03
2016,Azad Kashmir,Azad Kashmir,Sudhnati,District,Rural,Mining,1070005,342.31,3125.9,73.49,81.71,56.98,50014.0,26.9,11.76,291,22,70.32,66.99,1011,929.1,25.9,25.83,2394.0,3160.0,40.37,31.54,67.04
2017,Azad Kashmir,Azad Kashmir,Sudhnati,District,Rural,Education,1082145,187.54,5770.2,80.42,88.75,73.29,30007.0,21.95,6.88,369,17,72.47,85.75,4485,1066.3,23.6,16.31,939.0,1445.0,11.38,27.37,66.36
2018,Azad Kashmir,Azad Kashmir,Sudhnati,District,Urban,Mining,1091295,372.09,2932.9,63.63,70.06,57.41,35266.0,31.95,10.69,226,14,70.52,57.2,2046,1254.4,18.7,25.57,994.0,2123.0,29.08,40.01,63.61
2019,Azad Kashmir,Azad Kashmir,Sudhnati,District,Rural,Manufacturing,1101753,419.82,2624.3,70.35,75.36,65.23,40371.0,22.88,8.78,273,15,73.32,60.7,2592,895.3,26.4,14.95,1158.0,1405.0,19.51,38.03,64.44
2020,Azad Kashmir,Azad Kashmir,Sudhnati,District,Rural,Agriculture,1169740,796.34,1468.9,75.95,82.31,59.82,41609.0,21.68,9.88,325,21,76.74,77.92,1580,854.2,23.6,21.81,1551.0,2203.0,30.69,30.81,66.72
2021,Azad Kashmir,Azad Kashmir,Sudhnati,District,Urban,Mining,1233687,904.6,1363.8,74.9,85.34,68.57,42386.0,25.56,6.17,598,20,79.43,76.02,900,1332.0,30.9,24.39,948.0,2748.0,20.95,31.75,68.61
2022,Azad Kashmir,Azad Kashmir,Sudhnati,District,Rural,Agriculture,1275765,201.12,6343.4,76.2,84.65,56.83,36325.0,10.94,8.46,572,16,76.54,68.65,2739,1276.2,22.9,17.07,941.0,1965.0,16.65,26.66,69.46
2023,Azad Kashmir,Azad Kashmir,Sudhnati,District,Urban,Healthcare,1315991,719.67,1828.6,74.87,83.22,61.4,54126.0,17.72,8.21,304,18,78.7,78.84,2146,948.9,30.9,20.43,1596.0,2576.0,38.1,30.78,66.69
2024,Azad Kashmir,Azad Kashmir,Sudhnati,District,Rural,Agriculture,1270312,196.26,6472.5,72.59,81.04,63.28,54793.0,26.75,11.95,336,20,66.44,70.94,5524,537.6,23.2,27.14,1929.0,2658.0,53.98,32.83,71.64
2015,Balochistan,Kalat,Awaran,District,Rural,Education,599044,41.05,14592.5,47.89,58.88,41.33,42134.0,35.25,12.95,135,7,47.92,50.22,5485,117.2,18.9,26.01,1659.0,1330.0,37.17,51.7,59.05
2016,Balochistan,Kalat,Awaran,District,Semi-Urban,Services,615631,36.92,16673.9,44.8,53.11,39.02,45906.0,38.05,11.33,160,9,54.09,45.83,6420,229.4,27.5,36.79,1852.0,1899.0,36.73,51.53,57.8
2017,Balochistan,Kalat,Awaran,District,Rural,Agriculture,633175,23.13,27377.6,47.25,53.17,31.77,38201.0,44.68,14.02,137,10,51.27,42.99,15841,153.0,31.5,28.49,1196.0,2356.0,49.75,57.66,58.36
2018,Balochistan,Kalat,Awaran,District,Semi-Urban,Healthcare,655220,25.99,25210.9,42.82,46.62,32.38,39726.0,29.67,14.82,155,8,46.43,49.32,18596,166.2,23.1,26.12,1065.0,1410.0,30.71,46.41,57.88
2019,Balochistan,Kalat,Awaran,District,Urban,Healthcare,628143,130.0,4831.9,50.75,56.51,43.78,45940.0,25.78,12.4,145,6,58.93,43.89,4462,150.6,28.7,35.87,1780.0,3037.0,28.11,42.16,62.51
2020,Balochistan,Kalat,Awaran,District,Urban,Healthcare,687838,56.38,12200.4,49.55,61.2,40.96,23555.0,40.22,13.98,165,7,53.75,57.16,5790,231.1,21.3,30.84,950.0,1244.0,59.22,47.83,60.67
2021,Balochistan,Kalat,Awaran,District,Urban,Agriculture,678658,28.53,23787.5,51.55,58.36,45.77,46446.0,30.8,11.99,193,10,48.83,47.81,22366,198.8,30.2,25.56,1648.0,1625.0,38.56,51.46,61.13
2022,Balochistan,Kalat,Awaran,District,Rural,Services,651648,44.69,14580.9,54.23,60.38,35.28,28661.0,31.1,10.72,184,7,50.19,64.31,7468,237.0,30.4,23.88,1428.0,1290.0,39.82,52.28,63.22
2023,Balochistan,Kalat,Awaran,District,Rural,Agriculture,652308,25.58,25496.9,50.27,59.32,43.19,54508.0,42.37,10.43,165,7,47.3,48.46,28436,239.4,27.7,19.94,1121.0,2105.0,42.43,40.95,63.07
2024,Balochistan,Kalat,Awaran,District,Semi-Urban,Construction,677314,35.56,19048.6,49.5,52.13,35.16,56457.0,45.82,11.64,207,7,48.12,44.51,15944,132.9,26.9,30.57,1157.0,2858.0,61.83,59.21,61.03
2015,Balochistan,Kalat,Disputed Area 1,District,Semi-Urban,Mining,358066,18.64,19214.7,41.05,48.12,28.16,30189.0,41.36,16.66,131,5,46.91,36.6,6116,265.4,18.9,44.34,1395.0,958.0,69.42,63.34,56.29
2016,Balochistan,Kalat,Disputed Area 1,District,Urban,Services,365109,15.93,22924.9,44.95,48.28,28.6,29619.0,40.65,17.58,118,8,44.07,51.35,23662,108.7,26.1,36.21,748.0,1812.0,37.61,50.09,58.22
2017,Balochistan,Kalat,Disputed Area 1,District,Rural,Mining,373712,18.98,19688.6,40.74,43.16,32.75,39255.0,33.01,14.57,84,8,48.31,43.78,12963,142.8,18.6,34.29,1745.0,1921.0,66.67,49.11,54.63
2018,Balochistan,Kalat,Disputed Area 1,District,Rural,Services,369919,36.95,10011.1,38.69,45.08,27.69,39077.0,39.61,10.88,80,8,44.65,38.35,11776,233.9,24.1,33.33,1363.0,1950.0,67.82,56.76,53.97
2019,Balochistan,Kalat,Disputed Area 1,District,Urban,Mining,407892,16.69,24432.1,45.45,54.05,39.24,36572.0,40.06,16.15,97,9,49.94,55.08,23110,188.2,22.5,40.83,914.0,1747.0,35.32,51.39,56.42
2020,Balochistan,Kalat,Disputed Area 1,District,Semi-Urban,Manufacturing,397622,14.45,27525.0,47.0,54.13,35.91,43828.0,37.13,10.94,103,6,51.9,55.78,31860,100.3,27.4,32.39,1064.0,2380.0,57.49,47.89,60.45
2021,Balochistan,Kalat,Disputed Area 1,District,Rural,Mining,426387,109.82,3882.5,44.53,50.25,25.3,23990.0,35.55,12.48,98,6,45.82,49.2,1645,198.9,27.5,27.84,744.0,1021.0,58.15,49.72,58.57
2022,Balochistan,Kalat,Disputed Area 1,District,Urban,Construction,402820,147.79,2725.6,54.74,62.86,46.52,53855.0,21.99,7.37,157,5,62.97,48.89,1308,229.5,27.9,18.18,1296.0,1775.0,54.7,41.27,61.83
2023,Balochistan,Kalat,Disputed Area 1,District,Urban,Education,401190,13.41,29923.3,41.16,46.16,31.81,47456.0,36.31,10.66,90,4,51.84,48.34,33950,217.7,25.7,47.55,1857.0,2930.0,27.88,59.98,59.89
2024,Balochistan,Kalat,Disputed Area 1,District,Urban,Services,438298,57.46,7627.5,45.08,53.2,31.8,29105.0,34.55,12.69,181,5,40.96,49.4,5021,156.4,29.3,30.93,1208.0,1430.0,24.31,55.46,56.42
2015,Balochistan,Kalat,Disputed Area 2,District,Rural,Manufacturing,488327,88.64,5509.1,43.8,51.68,30.53,33917.0,36.6,14.04,165,10,46.41,47.58,3797,113.1,29.6,36.03,1605.0,1093.0,58.39,51.92,60.46
2016,Balochistan,Kalat,Disputed Area 2,District,Rural,Manufacturing,494726,74.84,6610.4,42.11,50.46,33.35,23811.0,35.19,9.45,166,5,43.09,54.61,5701,251.1,29.8,47.27,915.0,803.0,47.54,48.52,56.0
2017,Balochistan,Kalat,Disputed Area 2,District,Urban,Healthcare,514074,28.16,18258.1,38.02,40.83,20.06,36442.0,43.42,10.64,204,6,47.75,39.07,14955,256.3,18.6,48.83,1441.0,2211.0,67.43,46.78,59.8
2018,Balochistan,Kalat,Disputed Area 2,District,Urban,Construction,518848,32.54,15945.1,51.06,53.79,41.6,38855.0,34.35,11.22,133,9,60.3,53.06,10747,234.8,27.6,40.34,1318.0,1694.0,23.0,60.14,61.66
2019,Balochistan,Kalat,Disputed Area 2,District,Urban,Manufacturing,515421,47.11,10940.9,47.45,50.68,38.83,46432.0,35.54,12.29,103,8,48.69,55.55,4235,182.7,19.5,33.8,1333.0,2106.0,42.48,48.83,57.68
2020,Balochistan,Kalat,Disputed Area 2,District,Urban,Agriculture,553534,21.1,26228.6,38.85,45.84,26.13,29626.0,42.78,17.13,223,9,43.63,39.28,9994,227.4,25.0,40.2,942.0,1431.0,35.43,54.34,57.71
2021,Balochistan,Kalat,Disputed Area 2,District,Rural,Services,537179,159.76,3362.4,48.68,52.02,42.07,40757.0,39.59,15.46,188,7,56.45,54.83,3320,141.4,18.1,38.64,1263.0,1876.0,33.22,41.59,57.04
2022,Balochistan,Kalat,Disputed Area 2,District,Rural,Healthcare,577528,33.02,17490.2,46.06,57.81,39.28,29742.0,37.76,9.53,260,8,52.92,44.75,20780,268.0,27.5,36.22,1093.0,1327.0,39.7,44.74,57.22
2023,Balochistan,Kalat,Disputed Area 2,District,Rural,Services,544084,41.1,13238.8,43.32,46.72,24.92,43859.0,42.55,10.77,256,12,49.69,52.9,5907,183.5,20.1,53.73,2181.0,2613.0,66.57,56.47,58.37
2024,Balochistan,Kalat,Disputed Area 2,District,Rural,Education,570751,22.66,25192.1,51.64,59.47,31.94,36287.0,28.1,11.83,158,6,50.97,60.21,27330,156.3,27.4,24.07,1411.0,1955.0,59.84,40.57,62.47
2015,Balochistan,Kalat,Kalat,District,Rural,Mining,376266,20.68,18197.3,44.83,55.04,34.12,44085.0,44.67,11.26,140,8,47.55,48.59,20988,219.8,28.8,46.57,1027.0,1356.0,32.11,56.64,57.32
2016,Balochistan,Kalat,Kalat,District,Rural,Education,382979,17.95,21334.0,39.96,44.03,32.89,23769.0,43.74,9.48,118,4,49.77,51.42,15585,222.5,18.9,43.17,744.0,1623.0,36.25,49.43,56.54
2017,Balochistan,Kalat,Kalat,District,Urban,Services,392612,22.7,17295.7,47.7,52.49,28.34,34848.0,38.59,13.35,97,4,53.14,56.62,17192,137.6,24.8,39.57,1434.0,2008.0,34.92,55.55,60.23
2018,Balochistan,Kalat,Kalat,District,Semi-Urban,Manufacturing,401915,22.72,17693.7,38.57,44.02,27.65,34402.0,40.48,14.78,83,4,39.03,44.25,9933,187.8,30.5,35.64,985.0,2015.0,58.65,59.09,56.14
2019,Balochistan,Kalat,Kalat,District,Urban,Education,405144,44.13,9180.4,46.4,54.27,32.17,34356.0,39.52,12.42,117,7,49.84,58.1,10233,215.3,19.9,31.68,920.0,1351.0,32.12,56.85,57.89
2020,Balochistan,Kalat,Kalat,District,Urban,Healthcare,400387,26.29,15227.3,39.97,46.73,21.76,32060.0,42.02,10.92,99,8,50.44,53.54,17778,118.4,27.1,44.23,950.0,1790.0,52.53,54.71,57.26
2021,Balochistan,Kalat,Kalat,District,Urban,Construction,456389,25.25,18075.7,54.63,65.83,47.0,25660.0,33.47,13.6,126,5,63.22,64.7,18241,121.5,30.4,16.26,657.0,1539.0,69.86,48.55,63.17
2022,Balochistan,Kalat,Kalat,District,Rural,Mining,468473,153.65,3049.1,51.37,62.26,38.5,32727.0,34.5,14.31,161,6,60.16,50.36,2199,171.8,27.0,23.99,844.0,1129.0,26.71,46.63,55.44
2023,Balochistan,Kalat,Kalat,District,Rural,Mining,420738,45.72,9203.4,45.97,56.94,28.13,39204.0,42.83,15.56,164,4,53.24,50.43,5477,226.3,20.5,27.43,1256.0,1326.0,61.35,50.32,58.23
2024,Balochistan,Kalat,Kalat,District,Semi-Urban,Manufacturing,510773,18.11,28203.1,43.57,48.18,29.98,41000.0,34.01,8.78,252,8,45.91,42.37,10037,149.3,26.2,22.91,965.0,1733.0,37.98,48.51,59.44
2015,Balochistan,Kalat,Kharan,District,Semi-Urban,Mining,484178,22.31,21699.6,49.92,53.45,42.92,42115.0,34.18,11.91,165,10,58.67,48.33,13806,200.6,21.1,35.43,1729.0,2801.0,57.39,44.43,60.74
2016,Balochistan,Kalat,Kharan,District,Urban,Healthcare,498187,19.83,25116.9,51.24,62.41,40.81,40923.0,40.87,8.74,116,6,55.05,59.3,19914,184.6,25.4,30.1,1439.0,2165.0,25.61,46.67,59.17
2017,Balochistan,Kalat,Kharan,District,Semi-Urban,Agriculture,497580,30.03,16569.6,42.61,49.75,30.81,29281.0,43.45,15.58,211,9,47.1,38.04,13303,181.9,29.3,28.39,1177.0,1239.0,42.84,50.27,58.73
2018,Balochistan,Kalat,Kharan,District,Semi-Urban,Services,499655,239.71,2084.4,42.67,54.54,24.26,28098.0,35.85,17.45,188,11,44.76,50.28,1392,187.4,18.8,40.43,1210.0,1704.0,43.6,50.2,58.13
2019,Balochistan,Kalat,Kharan,District,Urban,Services,554443,40.26,13770.1,43.54,50.93,28.61,40220.0,36.68,13.22,111,8,52.23,55.14,5601,157.6,27.6,35.26,2002.0,1839.0,52.68,57.17,62.08
2020,Balochistan,Kalat,Kharan,District,Urban,Manufacturing,516946,20.37,25375.0,38.26,44.86,29.81,51304.0,35.84,14.94,121,5,41.38,46.9,29020,166.3,23.3,27.09,2142.0,1771.0,27.76,52.84,56.46
2021,Balochistan,Kalat,Kharan,District,Semi-Urban,Construction,578932,24.69,23449.5,44.81,47.3,29.26,35741.0,38.49,12.49,124,14,43.42,40.11,16298,96.0,26.4,41.58,1294.0,2151.0,57.03,65.75,57.38
2022,Balochistan,Kalat,Kharan,District,Rural,Mining,593060,19.89,29817.5,54.42,65.18,45.87,28026.0,28.26,8.28,219,6,57.62,57.81,14877,229.1,29.5,31.93,813.0,909.0,69.28,48.55,61.94
2023,Balochistan,Kalat,Kharan,District,Urban,Manufacturing,631255,22.93,27524.2,52.3,57.49,35.52,52851.0,35.88,13.9,162,9,54.51,63.9,15686,259.5,27.4,38.43,1349.0,2723.0,40.82,55.53,61.99
2024,Balochistan,Kalat,Kharan,District,Rural,Agriculture,558652,21.48,26011.2,46.75,51.3,35.92,32579.0,33.29,10.95,229,8,42.94,47.99,29392,165.0,25.4,35.26,1480.0,1098.0,36.51,54.04,59.83
2015,Balochistan,Kalat,Khuzdar,District,Rural,Agriculture,730393,35.01,20862.8,45.96,56.65,33.76,26073.0,37.21,9.68,191,7,44.18,54.3,10235,220.4,25.8,37.59,670.0,1555.0,36.65,55.65,63.11
2016,Balochistan,Kalat,Khuzdar,District,Semi-Urban,Services,751334,27.22,27604.4,46.73,55.22,34.74,39666.0,35.03,13.4,183,9,48.01,44.51,21021,147.9,22.0,31.69,1385.0,1346.0,35.42,58.01,56.14
2017,Balochistan,Kalat,Khuzdar,District,Urban,Construction,781709,30.64,25512.5,43.57,54.92,34.66,33120.0,38.99,14.79,164,12,45.42,48.28,14431,129.8,20.0,24.36,857.0,1298.0,48.96,54.52,56.67
2018,Balochistan,Kalat,Khuzdar,District,Rural,Manufacturing,784815,45.06,17418.0,43.8,53.13,31.89,27854.0,38.61,13.35,162,13,50.87,47.0,16517,220.2,28.4,28.27,965.0,1857.0,37.61,53.07,54.07
2019,Balochistan,Kalat,Khuzdar,District,Rural,Agriculture,801675,219.97,3644.5,43.82,48.14,26.19,40102.0,45.61,9.72,381,8,53.62,50.61,1810,227.6,23.8,14.88,1351.0,1300.0,55.36,55.91,57.14
2020,Balochistan,Kalat,Khuzdar,District,Rural,Education,830181,30.13,27557.0,52.61,57.48,39.57,49974.0,38.94,11.29,208,20,55.33,52.94,24984,93.0,28.1,19.78,2208.0,3318.0,45.11,47.86,62.05
2021,Balochistan,Kalat,Khuzdar,District,Urban,Manufacturing,787731,127.69,6169.1,39.77,47.42,28.68,25870.0,37.35,12.93,305,11,48.02,39.15,3516,161.4,23.2,36.04,1160.0,860.0,69.51,54.93,57.64
2022,Balochistan,Kalat,Khuzdar,District,Urban,Healthcare,927956,321.41,2887.2,48.17,56.62,30.49,44075.0,35.0,14.08,288,14,50.49,53.68,3396,216.5,19.2,27.99,2065.0,2943.0,36.56,53.62,59.39
2023,Balochistan,Kalat,Khuzdar,District,Urban,Agriculture,827620,38.7,21384.1,49.91,53.71,35.04,53550.0,36.87,13.15,223,14,58.78,56.12,24919,140.5,25.6,33.62,2014.0,3218.0,62.52,53.27,62.63
2024,Balochistan,Kalat,Khuzdar,District,Rural,Education,934978,225.07,4154.2,54.85,58.25,38.51,38356.0,34.54,9.45,375,17,61.88,54.4,1539,251.4,22.6,27.66,1625.0,1681.0,69.42,48.97,59.94
2015,Balochistan,Kalat,Lasbela,District,Urban,Construction,246786,13.03,18944.7,44.8,49.08,33.04,21146.0,31.88,12.78,64,3,54.85,44.61,13046,204.1,29.0,26.63,854.0,1193.0,47.65,57.32,57.13
2016,Balochistan,Kalat,Lasbela,District,Urban,Services,249782,10.26,24345.5,44.02,47.08,34.27,36088.0,37.89,12.25,60,5,41.93,51.65,17048,204.1,28.4,26.89,1546.0,1230.0,20.26,65.95,57.21
2017,Balochistan,Kalat,Lasbela,District,Rural,Healthcare,252835,14.37,17595.6,49.73,51.85,31.77,32074.0,36.84,10.09,71,5,46.1,53.35,6619,197.4,29.0,29.73,1509.0,2124.0,40.69,50.14,57.6
2018,Balochistan,Kalat,Lasbela,District,Urban,Services,273183,40.48,6748.3,48.82,55.67,37.51,36980.0,42.71,10.36,86,5,48.46,51.36,7759,101.4,24.1,30.77,1539.0,1843.0,23.85,49.36,59.48
2019,Balochistan,Kalat,Lasbela,District,Urban,Mining,272848,47.09,5793.7,41.59,51.83,30.13,34802.0,38.08,16.44,135,4,50.06,42.95,2447,245.2,24.2,38.49,1031.0,2363.0,52.55,52.19,58.62
2020,Balochistan,Kalat,Lasbela,District,Semi-Urban,Agriculture,265886,9.17,29008.1,48.38,58.54,37.74,31582.0,32.62,15.79,54,4,53.96,50.94,33036,193.7,21.4,33.51,821.0,2207.0,39.65,52.94,60.88
2021,Balochistan,Kalat,Lasbela,District,Rural,Manufacturing,269046,97.71,2753.7,52.65,62.6,34.93,46390.0,31.54,14.37,64,2,50.53,60.7,2395,239.6,19.0,30.52,1265.0,2614.0,53.65,58.79,59.42
2022,Balochistan,Kalat,Lasbela,District,Rural,Healthcare,299171,73.49,4071.0,45.95,55.86,32.8,48457.0,37.84,10.34,60,4,47.37,49.19,3188,255.7,27.7,27.38,1897.0,1618.0,37.98,55.52,61.04
2023,Balochistan,Kalat,Lasbela,District,Urban,Services,310741,26.02,11940.2,56.84,63.14,37.35,45648.0,33.33,11.39,78,7,65.91,61.86,5967,161.9,28.5,28.23,1936.0,2388.0,20.53,48.96,60.01
2024,Balochistan,Kalat,Lasbela,District,Rural,Healthcare,314183,25.18,12475.3,54.06,65.26,44.62,32435.0,32.53,13.46,92,3,59.01,48.96,14304,269.6,24.8,35.36,787.0,1378.0,24.29,38.25,59.41
2015,Balochistan,Kalat,Mastung,District,Semi-Urban,Manufacturing,522685,34.09,15332.6,46.12,54.6,28.38,31563.0,41.13,15.76,157,6,46.29,45.21,17432,235.8,19.6,27.88,1332.0,1598.0,53.86,57.72,58.76
2016,Balochistan,Kalat,Mastung,District,Rural,Construction,535123,38.39,13938.3,37.24,48.07,21.17,28504.0,39.09,14.88,158,6,42.96,35.38,9059,208.3,23.5,36.54,1173.0,1090.0,42.48,60.32,53.66
2017,Balochistan,Kalat,Mastung,District,Semi-Urban,Mining,553233,147.46,3751.8,42.67,49.95,24.73,42334.0,40.25,13.72,239,5,41.21,42.79,2437,172.4,21.7,35.02,1345.0,1463.0,51.96,51.65,56.46
2018,Balochistan,Kalat,Mastung,District,Rural,Manufacturing,552721,80.92,6830.8,47.82,50.99,39.24,33788.0,34.92,8.92,137,6,56.82,52.45,5189,211.0,22.4,30.47,1100.0,1200.0,38.67,50.52,61.47
2019,Balochistan,Kalat,Mastung,District,Rural,Services,564868,28.54,19794.0,52.34,58.85,42.63,26962.0,26.87,11.04,138,7,62.11,55.59,22894,178.1,20.0,20.11,931.0,1019.0,22.68,42.12,63.02
2020,Balochistan,Kalat,Mastung,District,Urban,Manufacturing,575951,28.39,20286.0,39.22,43.43,22.28,38924.0,39.3,8.89,178,8,45.95,42.21,15901,120.1,25.9,36.35,975.0,1880.0,21.63,55.17,59.23
2021,Balochistan,Kalat,Mastung,District,Semi-Urban,Construction,618906,35.58,17392.3,54.9,64.09,49.28,46338.0,35.95,10.81,264,13,61.04,63.13,6820,156.0,29.5,25.24,2081.0,2783.0,47.32,45.45,65.62
2022,Balochistan,Kalat,Mastung,District,Urban,Education,589942,40.43,14592.5,49.61,57.49,32.45,55077.0,40.39,11.43,193,6,51.24,62.05,12392,229.6,21.3,33.19,1809.0,3010.0,37.53,48.6,58.78
2023,Balochistan,Kalat,Mastung,District,Urban,Education,660176,26.89,24552.3,51.84,63.36,38.25,50704.0,34.29,13.28,177,9,55.61,47.43,25378,266.2,22.1,28.62,1220.0,3042.0,45.72,49.29,56.56
2024,Balochistan,Kalat,Mastung,District,Rural,Education,626256,64.13,9765.1,49.3,55.22,31.64,27032.0,37.16,11.8,157,7,46.36,44.83,5291,148.0,21.5,38.97,877.0,1300.0,27.11,39.92,65.66
2015,Balochistan,Makran,Gwadar,District,Semi-Urban,Construction,660227,40.17,16437.2,50.54,59.87,33.93,21583.0,30.57,13.17,232,6,51.02,61.96,14322,148.9,18.0,21.36,883.0,1381.0,56.55,46.56,63.99
2016,Balochistan,Makran,Gwadar,District,Rural,Healthcare,679962,23.36,29107.6,48.14,58.02,30.35,30263.0,32.26,12.12,151,9,48.17,46.59,10000,188.5,19.8,46.77,696.0,1857.0,64.71,55.93,60.06
2017,Balochistan,Makran,Gwadar,District,Urban,Services,688907,26.48,26014.2,51.33,54.92,36.58,23743.0,39.08,13.14,207,17,60.57,47.67,9989,213.9,19.8,20.32,732.0,791.0,66.64,57.37,58.11
2018,Balochistan,Makran,Gwadar,District,Rural,Mining,714353,207.06,3450.0,51.23,54.01,43.02,39133.0,33.38,12.56,184,8,57.43,52.13,3146,106.4,19.3,40.99,794.0,2263.0,49.68,52.09,61.08
2019,Balochistan,Makran,Gwadar,District,Semi-Urban,Healthcare,744326,53.84,13824.8,52.55,55.92,34.33,50082.0,28.82,12.94,310,16,53.04,59.28,15028,108.4,22.4,34.59,1966.0,2859.0,58.67,46.98,63.52
2020,Balochistan,Makran,Gwadar,District,Rural,Manufacturing,699800,36.66,19088.9,47.6,51.77,35.97,38975.0,32.08,9.68,280,11,46.04,55.43,18653,255.6,26.6,17.81,1469.0,1768.0,64.83,47.01,62.39
2021,Balochistan,Makran,Gwadar,District,Rural,Services,807274,136.47,5915.2,44.21,54.68,28.85,32539.0,32.61,15.86,285,17,48.09,49.57,2868,199.4,28.9,40.4,1243.0,1222.0,52.92,50.04,62.77
2022,Balochistan,Makran,Gwadar,District,Rural,Services,757320,31.63,23946.4,48.1,50.22,29.76,43958.0,40.46,11.28,172,13,49.07,45.7,10028,204.9,19.0,30.6,2014.0,2318.0,38.05,45.36,56.36
2023,Balochistan,Makran,Gwadar,District,Semi-Urban,Education,768330,32.9,23356.3,53.31,63.21,47.41,46469.0,43.1,14.44,157,8,48.23,46.67,21986,137.2,18.6,33.19,1999.0,2181.0,45.33,50.99,62.7
2024,Balochistan,Makran,Gwadar,District,Urban,Education,789428,46.29,17054.4,47.34,55.2,37.44,46447.0,37.9,11.89,321,17,43.79,58.65,15569,265.4,20.2,35.49,1021.0,2691.0,58.16,51.43,57.3
2015,Balochistan,Makran,Kech,District,Rural,Manufacturing,734539,166.41,4414.0,40.06,49.14,33.27,20682.0,35.56,13.35,222,10,45.18,40.23,3296,223.5,28.4,45.11,629.0,1048.0,55.07,60.56,53.88
2016,Balochistan,Makran,Kech,District,Rural,Mining,756988,60.99,12412.3,42.38,49.62,30.94,26612.0,32.46,12.49,178,8,49.14,38.39,10733,252.0,22.7,31.77,928.0,1342.0,33.15,49.72,58.82
2017,Balochistan,Makran,Kech,District,Semi-Urban,Agriculture,751361,112.6,6672.7,42.79,53.38,37.75,43709.0,39.88,9.53,303,8,51.93,49.86,4834,110.8,28.4,36.41,1376.0,1574.0,20.61,54.23,58.94
2018,Balochistan,Makran,Kech,District,Semi-Urban,Mining,810340,46.36,17480.2,43.31,46.08,34.24,44967.0,38.6,13.61,170,9,45.27,43.25,15836,164.9,28.1,33.79,970.0,1750.0,38.64,60.05,58.76
2019,Balochistan,Makran,Kech,District,Rural,Education,804151,60.8,13225.9,43.09,48.01,32.56,22933.0,35.8,9.89,173,8,50.38,42.84,11380,105.5,24.4,46.76,778.0,1231.0,59.23,47.93,56.54
2020,Balochistan,Makran,Kech,District,Rural,Services,820311,109.79,7471.8,51.01,61.41,40.82,45187.0,32.25,15.54,174,9,49.59,43.49,2251,163.8,21.3,22.97,1795.0,2890.0,63.86,50.59,58.74
2021,Balochistan,Makran,Kech,District,Urban,Education,867822,51.55,16834.8,41.46,52.43,22.64,26103.0,40.51,14.12,319,12,38.21,55.18,18619,218.1,19.3,36.73,881.0,1564.0,45.99,54.2,57.18
2022,Balochistan,Makran,Kech,District,Rural,Healthcare,870273,43.86,19842.0,53.92,65.18,36.16,39527.0,39.53,8.53,273,11,49.46,59.08,19084,113.5,22.1,30.57,1168.0,1616.0,39.65,54.94,57.81
2023,Balochistan,Makran,Kech,District,Urban,Services,807240,33.86,23838.2,44.18,48.26,24.71,30896.0,44.47,15.94,215,16,42.23,46.88,25440,163.2,25.5,27.9,702.0,1925.0,35.42,56.34,61.51
2024,Balochistan,Makran,Kech,District,Semi-Urban,Manufacturing,859467,45.49,18892.5,43.1,48.08,37.36,48590.0,35.61,11.52,324,9,41.01,50.85,6196,264.3,23.5,31.18,1561.0,2337.0,61.0,50.35,58.0
2015,Balochistan,Makran,Panjgur,District,Urban,Mining,748517,30.54,24509.1,46.17,54.47,35.59,31028.0,30.69,13.04,309,18,54.01,58.89,20281,113.5,29.5,38.2,1475.0,1024.0,52.23,42.33,59.6
2016,Balochistan,Makran,Panjgur,District,Semi-Urban,Education,774661,38.56,20087.6,48.87,60.12,43.12,24990.0,43.35,11.59,174,17,56.7,57.72,13167,112.1,31.2,44.26,522.0,1433.0,41.66,51.16,58.3
2017,Balochistan,Makran,Panjgur,District,Rural,Services,770108,106.37,7240.2,48.49,56.0,37.31,26201.0,32.07,12.49,271,8,44.16,53.6,4667,134.2,22.1,19.29,854.0,1460.0,23.05,50.35,57.74
2018,Balochistan,Makran,Panjgur,District,Semi-Urban,Services,817757,27.41,29834.4,52.77,60.43,42.61,27950.0,28.76,10.66,225,19,53.23,59.12,13778,176.3,28.9,17.63,826.0,1083.0,36.08,48.7,62.39
2019,Balochistan,Makran,Panjgur,District,Rural,Education,850322,233.57,3640.6,58.2,62.86,43.34,44042.0,32.47,11.56,170,11,63.88,69.46,1275,265.3,19.4,24.25,2197.0,1708.0,60.81,45.75,62.15
2020,Balochistan,Makran,Panjgur,District,Urban,Mining,872644,73.12,11934.5,41.65,43.93,22.94,45923.0,35.62,11.43,193,9,40.12,47.25,9634,235.1,27.8,31.43,1694.0,1723.0,55.03,55.45,58.91
2021,Balochistan,Makran,Panjgur,District,Semi-Urban,Manufacturing,918520,58.2,15782.3,41.88,53.06,36.87,49875.0,30.45,13.59,313,13,39.05,40.25,9574,129.4,25.4,53.19,1263.0,3097.0,30.07,54.84,59.24
2022,Balochistan,Makran,Panjgur,District,Urban,Services,931304,151.78,6135.9,45.88,54.5,30.31,25489.0,38.92,11.54,226,19,42.95,49.52,3507,155.7,19.0,40.98,614.0,925.0,49.3,55.32,59.96
2023,Balochistan,Makran,Panjgur,District,Rural,Services,975924,33.77,28898.5,47.33,55.21,38.98,50001.0,33.31,13.34,247,19,57.12,54.1,27759,257.2,29.0,23.88,1442.0,1855.0,28.77,51.75,59.18
2024,Balochistan,Makran,Panjgur,District,Rural,Construction,818969,45.4,18039.4,47.47,55.87,33.3,48500.0,37.05,17.18,179,9,51.24,43.99,7695,147.3,29.3,28.61,2054.0,1917.0,25.21,48.26,60.3
2015,Balochistan,Nasirabad,Bolan,District,Semi-Urban,Agriculture,929264,207.22,4484.3,39.67,44.24,33.66,41864.0,38.94,11.81,225,11,49.01,42.66,1539,137.7,21.5,32.63,1388.0,1959.0,25.4,56.48,57.96
2016,Balochistan,Nasirabad,Bolan,District,Urban,Agriculture,942420,35.31,26689.6,36.39,42.9,28.0,30693.0,39.22,7.58,308,15,45.18,46.7,15090,194.0,28.6,37.79,907.0,2089.0,59.96,59.58,54.33
2017,Balochistan,Nasirabad,Bolan,District,Semi-Urban,Manufacturing,951427,76.04,12512.8,53.45,55.76,41.21,24989.0,38.15,11.23,226,13,61.58,47.3,10593,196.9,26.6,40.54,825.0,803.0,67.12,48.67,60.36
2018,Balochistan,Nasirabad,Bolan,District,Urban,Agriculture,981154,72.89,13459.8,43.38,50.88,32.49,48238.0,36.67,11.93,267,10,47.15,50.09,8408,143.5,19.3,26.99,1584.0,2015.0,44.55,55.48,56.76
2019,Balochistan,Nasirabad,Bolan,District,Rural,Agriculture,1031954,135.95,7590.9,47.4,54.29,36.44,38904.0,36.31,13.13,496,20,47.04,41.93,6662,241.9,22.3,40.56,1230.0,1744.0,53.05,56.31,56.25
2020,Balochistan,Nasirabad,Bolan,District,Rural,Construction,1023651,315.04,3249.3,41.78,50.46,35.33,27795.0,38.27,12.56,308,18,50.16,46.8,3813,117.2,27.8,41.2,1048.0,1449.0,60.41,52.4,55.19
2021,Balochistan,Nasirabad,Bolan,District,Rural,Mining,1116198,81.35,13721.7,50.11,59.25,31.57,47943.0,37.98,10.84,309,12,52.22,60.22,14001,175.7,19.1,9.23,1933.0,2628.0,45.11,47.2,60.82
2022,Balochistan,Nasirabad,Bolan,District,Urban,Healthcare,1017246,148.71,6840.6,42.83,54.8,31.3,47453.0,38.46,8.8,205,10,50.67,38.93,5715,166.2,31.8,49.35,1404.0,2804.0,51.36,48.34,57.77
2023,Balochistan,Nasirabad,Bolan,District,Semi-Urban,Manufacturing,1178843,67.06,17578.2,47.34,57.15,33.52,27144.0,43.18,9.52,322,12,50.4,58.58,7618,92.2,27.8,18.16,1022.0,1638.0,25.63,58.95,58.78
2024,Balochistan,Nasirabad,Bolan,District,Rural,Services,1249972,70.4,17755.1,54.31,62.4,42.03,55946.0,28.36,8.37,542,21,56.91,53.04,11765,164.0,23.4,25.02,2157.0,3202.0,21.87,46.97,63.14
2015,Balochistan,Nasirabad,Jafarabad,District,Urban,Education,481326,22.56,21334.4,48.71,59.14,39.05,41701.0,36.84,14.73,224,7,47.87,48.85,8286,150.8,29.1,43.01,1921.0,1475.0,62.91,50.93,58.11
2016,Balochistan,Nasirabad,Jafarabad,District,Urban,Healthcare,497862,19.82,25123.1,45.84,55.44,29.73,31460.0,43.97,11.96,177,7,50.94,42.73,8807,128.1,29.5,32.38,1376.0,1026.0,63.36,53.68,57.84
2017,Balochistan,Nasirabad,Jafarabad,District,Urban,Manufacturing,508399,21.31,23854.5,39.06,41.57,33.57,31325.0,36.58,15.49,142,6,37.76,50.71,13038,126.1,18.8,29.12,1400.0,1573.0,38.02,51.33,57.79
2018,Balochistan,Nasirabad,Jafarabad,District,Rural,Education,519679,181.98,2855.8,47.61,58.56,40.16,24446.0,33.36,10.68,166,6,45.52,57.88,1089,195.6,22.9,37.99,509.0,782.0,57.45,54.47,61.91
2019,Balochistan,Nasirabad,Jafarabad,District,Urban,Manufacturing,544572,68.06,8000.9,44.99,53.81,25.48,44079.0,36.5,15.16,204,10,43.59,51.27,7061,182.4,30.1,36.46,1677.0,1337.0,43.7,55.29,62.83
2020,Balochistan,Nasirabad,Jafarabad,District,Urban,Construction,521878,49.45,10552.9,54.28,63.05,42.28,46151.0,40.06,13.06,106,6,55.21,53.67,8717,152.8,21.5,33.04,933.0,3230.0,61.22,43.16,62.0
2021,Balochistan,Nasirabad,Jafarabad,District,Semi-Urban,Education,588804,33.23,17720.8,42.18,46.94,32.3,48584.0,31.05,16.89,155,10,48.22,45.48,10081,150.5,21.9,24.3,1190.0,2945.0,52.81,53.59,57.1
2022,Balochistan,Nasirabad,Jafarabad,District,Rural,Agriculture,602069,24.61,24466.2,41.1,47.28,32.21,48972.0,43.1,13.5,158,7,47.2,49.36,20177,208.0,32.0,35.69,2441.0,3068.0,39.41,59.53,55.7
2023,Balochistan,Nasirabad,Jafarabad,District,Semi-Urban,Construction,557696,26.29,21216.9,50.65,58.24,35.79,47456.0,37.61,13.26,142,8,59.7,50.23,8808,144.0,20.4,39.13,1317.0,2958.0,34.69,50.51,57.6
2024,Balochistan,Nasirabad,Jafarabad,District,Semi-Urban,Healthcare,622952,29.62,21031.9,48.13,52.73,38.16,31167.0,35.59,13.81,207,13,48.64,55.79,8539,145.3,29.0,35.37,674.0,1726.0,34.7,51.28,56.45
2015,Balochistan,Nasirabad,Jhal Magsi,District,Rural,Construction,619098,83.13,7447.2,46.54,51.97,26.66,31289.0,43.54,12.83,262,7,49.84,47.82,3194,246.8,20.1,52.2,1435.0,1164.0,69.36,54.9,55.44
2016,Balochistan,Nasirabad,Jhal Magsi,District,Urban,Manufacturing,626539,21.15,29625.9,47.04,56.9,39.67,28547.0,40.08,11.05,213,14,49.12,44.17,25271,229.2,26.1,35.01,1113.0,1317.0,58.99,50.52,59.07
2017,Balochistan,Nasirabad,Jhal Magsi,District,Rural,Education,662082,216.63,3056.3,44.75,53.02,29.6,30780.0,34.22,11.36,254,10,40.49,44.49,3329,240.0,20.7,36.81,904.0,1050.0,32.44,61.5,59.22
2018,Balochistan,Nasirabad,Jhal Magsi,District,Urban,Construction,661996,172.93,3828.0,43.63,46.96,28.33,29544.0,33.75,13.19,309,6,46.1,47.49,2386,184.3,24.1,44.19,758.0,2007.0,69.81,46.57,55.88
2019,Balochistan,Nasirabad,Jhal Magsi,District,Rural,Services,704831,83.95,8395.7,50.21,52.59,35.45,33233.0,33.4,15.43,168,14,56.2,54.47,8346,120.4,23.1,26.72,1286.0,1786.0,63.83,51.0,61.93
2020,Balochistan,Nasirabad,Jhal Magsi,District,Rural,Construction,654549,25.76,25411.4,55.41,64.26,47.32,25467.0,29.29,13.79,305,13,56.53,49.57,22755,135.5,27.8,23.25,1015.0,1039.0,20.47,47.66,59.95
2021,Balochistan,Nasirabad,Jhal Magsi,District,Rural,Manufacturing,718556,28.45,25258.3,44.58,49.21,36.58,27119.0,38.45,15.63,310,8,41.89,40.17,15713,109.1,20.8,48.22,876.0,988.0,46.16,63.56,60.79
2022,Balochistan,Nasirabad,Jhal Magsi,District,Rural,Agriculture,729421,34.29,21269.7,44.68,56.17,32.26,52276.0,40.97,12.52,211,13,40.4,39.75,20231,109.9,26.0,42.63,1204.0,2103.0,58.98,58.77,57.1
2023,Balochistan,Nasirabad,Jhal Magsi,District,Urban,Healthcare,701702,68.2,10288.6,48.64,58.03,38.95,56384.0,41.59,9.85,206,15,46.4,42.13,11330,142.3,29.2,28.99,1144.0,2004.0,24.75,47.23,55.86
2024,Balochistan,Nasirabad,Jhal Magsi,District,Rural,Education,781216,28.88,27046.8,51.0,57.57,40.0,36030.0,29.04,12.28,160,13,56.9,50.8,28821,151.7,19.6,34.21,1585.0,2016.0,61.79,58.71,58.15
2015,Balochistan,Nasirabad,Nasirabad,District,Urban,Agriculture,786187,215.86,3642.1,43.87,49.67,36.15,37022.0,34.23,11.87,162,15,45.72,49.1,3920,234.4,27.5,41.16,1718.0,2188.0,37.93,63.1,61.25
2016,Balochistan,Nasirabad,Nasirabad,District,Semi-Urban,Manufacturing,811576,51.8,15667.4,38.35,47.78,25.47,32514.0,36.13,12.11,174,12,35.46,45.69,18489,92.2,30.2,40.83,1304.0,1415.0,56.19,47.51,56.84
2017,Balochistan,Nasirabad,Nasirabad,District,Urban,Education,822892,176.33,4666.8,43.47,55.35,30.09,39396.0,31.89,13.68,206,14,44.31,50.48,5324,159.3,29.7,28.35,1385.0,1921.0,22.73,48.07,52.3
2018,Balochistan,Nasirabad,Nasirabad,District,Urban,Mining,840200,36.47,23040.0,47.23,50.02,29.97,25607.0,34.87,6.53,283,14,46.68,50.28,16203,189.1,23.3,29.82,1170.0,1226.0,42.21,56.16,60.72
2019,Balochistan,Nasirabad,Nasirabad,District,Urban,Manufacturing,827767,40.79,20294.4,41.61,46.65,27.32,35941.0,40.4,14.37,358,12,45.8,35.37,18044,106.4,26.5,43.17,1211.0,1568.0,45.42,54.53,57.08
2020,Balochistan,Nasirabad,Nasirabad,District,Rural,Services,914209,35.65,25640.9,48.78,57.36,42.31,46492.0,34.73,10.44,305,10,52.9,55.79,26843,155.4,24.3,23.11,2275.0,1938.0,20.11,49.22,62.77
2021,Balochistan,Nasirabad,Nasirabad,District,Urban,Construction,901376,274.66,3281.8,47.29,58.6,39.48,44387.0,33.36,7.42,361,18,53.32,54.63,3419,109.3,26.6,38.16,1142.0,1932.0,39.64,55.31,58.63
2022,Balochistan,Nasirabad,Nasirabad,District,Urban,Mining,959893,48.65,19730.7,49.04,51.08,29.58,25078.0,35.83,13.5,238,20,57.51,50.83,22528,196.1,25.1,31.16,1133.0,1237.0,56.81,50.03,58.5
2023,Balochistan,Nasirabad,Nasirabad,District,Rural,Education,940892,135.15,6961.7,52.17,58.02,39.61,54195.0,28.9,12.37,251,11,48.88,52.09,6865,198.1,30.4,18.28,1529.0,3715.0,68.98,51.03,60.58
2024,Balochistan,Nasirabad,Nasirabad,District,Rural,Manufacturing,1064638,185.66,5734.4,44.56,55.91,28.88,40178.0,36.46,11.69,328,12,51.33,43.85,2802,216.3,30.0,27.84,1665.0,2309.0,51.63,56.43,57.47
2015,Balochistan,Quetta,Chagai,District,Rural,Education,882062,30.1,29305.0,39.92,51.35,26.18,37386.0,40.29,13.87,348,12,45.48,48.14,28516,226.9,25.9,39.58,1691.0,1549.0,55.51,56.93,56.24
2016,Balochistan,Quetta,Chagai,District,Rural,Education,909566,54.67,16636.4,44.99,49.49,35.69,41089.0,34.19,9.97,438,18,50.54,42.24,16734,225.0,20.3,31.54,1073.0,2122.0,61.97,50.77,62.52
2017,Balochistan,Quetta,Chagai,District,Urban,Agriculture,915839,47.57,19251.0,48.9,57.86,31.94,32661.0,43.78,12.15,227,12,47.37,54.5,21827,160.0,25.2,24.62,1033.0,2230.0,54.65,49.75,62.42
2018,Balochistan,Quetta,Chagai,District,Rural,Healthcare,976245,55.91,17459.5,43.06,52.1,24.39,29726.0,40.88,11.28,478,17,48.06,52.22,14483,246.6,29.6,28.69,1253.0,1125.0,52.38,59.98,56.38
2019,Balochistan,Quetta,Chagai,District,Rural,Healthcare,985551,67.66,14566.8,48.22,52.86,39.03,27185.0,34.88,11.59,199,22,57.83,55.68,7713,111.5,18.6,18.21,813.0,1587.0,28.05,55.49,59.31
2020,Balochistan,Quetta,Chagai,District,Semi-Urban,Manufacturing,944954,85.64,11033.6,42.13,51.97,31.76,26820.0,38.91,14.86,438,9,47.15,49.05,12813,178.3,26.0,37.19,955.0,1648.0,35.89,61.27,56.5
2021,Balochistan,Quetta,Chagai,District,Rural,Healthcare,958708,72.11,13295.7,47.97,54.71,33.69,39527.0,30.26,14.04,314,10,53.12,47.39,15729,142.8,31.3,25.47,801.0,2243.0,48.07,60.59,61.55
2022,Balochistan,Quetta,Chagai,District,Urban,Mining,1021177,53.23,19183.6,51.63,59.03,40.84,52091.0,33.42,9.4,264,10,56.7,50.3,19949,254.9,31.2,30.29,1628.0,3236.0,34.14,53.94,61.8
2023,Balochistan,Quetta,Chagai,District,Urban,Healthcare,1042744,38.4,27151.9,46.53,49.18,41.42,25744.0,35.12,10.44,404,14,56.1,42.9,13354,262.1,25.5,34.78,1044.0,1633.0,53.52,62.4,56.82
2024,Balochistan,Quetta,Chagai,District,Rural,Manufacturing,1009788,37.96,26601.8,49.56,51.94,33.8,52734.0,36.19,13.09,239,15,56.85,43.57,26995,213.5,18.3,30.22,1938.0,2795.0,23.66,51.59,59.78
2015,Balochistan,Quetta,Pishin,District,Rural,Agriculture,347040,17.66,19646.1,39.69,47.54,23.35,29134.0,41.87,12.66,105,8,45.82,44.43,12218,205.5,26.7,42.01,1022.0,1212.0,55.04,62.12,62.09
2016,Balochistan,Quetta,Pishin,District,Urban,Services,356461,36.07,9882.5,41.37,51.34,25.17,35770.0,41.7,13.4,74,5,49.57,35.78,11504,118.1,21.1,35.88,870.0,2042.0,62.47,64.22,58.11
2017,Balochistan,Quetta,Pishin,District,Urban,Services,370218,16.51,22421.1,52.39,59.76,38.44,41961.0,33.33,7.52,118,3,55.45,55.63,10964,112.2,18.1,24.18,1773.0,2477.0,67.35,55.05,60.67
2018,Balochistan,Quetta,Pishin,District,Rural,Mining,363207,14.06,25840.8,48.93,51.47,35.42,46314.0,32.18,10.98,149,7,53.29,46.64,18479,110.6,27.4,27.14,1690.0,1928.0,57.55,47.33,55.62
2019,Balochistan,Quetta,Pishin,District,Rural,Mining,363545,16.29,22316.5,52.69,57.86,34.18,24439.0,39.74,13.73,105,6,49.34,57.89,19939,108.0,26.7,25.47,997.0,882.0,42.53,50.41,60.76
2020,Balochistan,Quetta,Pishin,District,Semi-Urban,Construction,391059,13.56,28842.4,48.86,57.66,38.47,46229.0,32.41,14.5,156,6,55.76,55.78,20667,205.4,21.9,21.48,1422.0,1952.0,36.58,48.67,60.71
2021,Balochistan,Quetta,Pishin,District,Urban,Mining,399622,21.05,18985.6,51.76,54.51,45.61,28299.0,28.74,12.08,88,4,48.68,54.77,16488,137.4,30.4,44.81,1256.0,1504.0,20.93,43.94,59.17
2022,Balochistan,Quetta,Pishin,District,Semi-Urban,Manufacturing,424586,140.3,3026.4,52.94,60.84,34.57,30312.0,28.26,13.15,152,4,55.74,58.08,2173,116.8,23.5,34.16,1070.0,1390.0,62.86,42.17,62.55
2023,Balochistan,Quetta,Pishin,District,Rural,Education,414830,16.11,25743.5,51.56,60.16,32.33,45812.0,41.82,11.58,93,5,48.89,54.11,24682,170.3,20.5,21.58,2207.0,1448.0,68.39,54.6,60.23
2024,Balochistan,Quetta,Pishin,District,Semi-Urban,Agriculture,449011,47.76,9402.0,49.86,52.26,31.64,32793.0,34.81,11.64,166,5,52.65,58.21,8775,159.9,30.9,22.51,1169.0,2072.0,52.43,48.97,60.8
2015,Balochistan,Quetta,Qilla Abdullah,District,Semi-Urban,Healthcare,815472,118.74,6867.8,47.57,54.73,28.96,33135.0,35.18,13.72,205,13,52.61,57.14,4192,183.0,23.3,35.9,1451.0,2170.0,37.64,46.78,61.44
2016,Balochistan,Quetta,Qilla Abdullah,District,Urban,Services,823761,57.54,14317.2,48.7,57.31,31.44,43033.0,34.11,12.81,306,11,48.04,44.4,13575,118.3,26.4,25.36,1482.0,2115.0,40.73,46.23,59.79
2017,Balochistan,Quetta,Qilla Abdullah,District,Rural,Manufacturing,840562,33.18,25334.2,45.7,48.26,32.12,24749.0,35.94,14.03,406,19,49.73,42.07,19380,203.3,18.5,18.79,796.0,1702.0,32.91,47.31,56.58
2018,Balochistan,Quetta,Qilla Abdullah,District,Urban,Mining,880593,39.34,22383.3,48.34,54.45,40.05,45556.0,39.43,13.97,197,9,46.76,53.22,23242,174.9,24.7,32.38,1160.0,2569.0,27.14,54.67,58.2
2019,Balochistan,Quetta,Qilla Abdullah,District,Semi-Urban,Manufacturing,871027,75.12,11594.8,46.95,53.99,29.06,42476.0,41.17,10.45,259,11,45.7,47.62,9797,109.5,20.8,33.13,1076.0,2806.0,40.99,56.71,60.09
2020,Balochistan,Quetta,Qilla Abdullah,District,Rural,Construction,922610,54.66,16880.0,50.27,59.05,31.2,48307.0,45.62,8.35,216,20,55.13,60.77,10690,187.1,18.0,24.39,1029.0,2473.0,41.57,57.21,59.38
2021,Balochistan,Quetta,Qilla Abdullah,District,Urban,Healthcare,895564,37.15,24107.6,46.71,53.48,39.7,47450.0,40.46,15.55,284,11,53.16,54.94,9050,215.4,19.4,41.83,1801.0,2456.0,31.63,60.17,60.5
2022,Balochistan,Quetta,Qilla Abdullah,District,Rural,Mining,914106,40.05,22822.1,42.97,46.04,31.84,23786.0,38.63,12.19,452,12,46.47,44.03,12056,127.0,29.3,13.59,1086.0,1117.0,41.3,56.34,58.18
2023,Balochistan,Quetta,Qilla Abdullah,District,Rural,Education,949037,45.07,21057.0,48.42,53.48,39.61,33258.0,42.57,10.91,222,14,55.33,50.8,13862,156.6,25.8,32.19,803.0,2147.0,37.22,47.24,56.89
2024,Balochistan,Quetta,Qilla Abdullah,District,Rural,Education,915811,38.28,23927.1,47.5,50.02,32.23,32727.0,27.98,13.15,188,19,50.37,56.1,7292,234.2,26.6,21.08,744.0,1172.0,39.46,47.03,57.91
2015,Balochistan,Quetta,Quetta,District,Semi-Urban,Healthcare,885664,107.88,8209.6,43.45,51.43,27.78,20840.0,35.26,13.29,395,20,44.87,56.62,3757,200.5,25.3,43.34,726.0,634.0,67.29,44.55,58.27
2016,Balochistan,Quetta,Quetta,District,Semi-Urban,Agriculture,913353,55.33,16508.3,41.5,50.05,31.11,44318.0,38.47,11.08,353,10,45.01,49.25,19762,200.7,27.4,35.55,1923.0,1956.0,68.78,55.62,53.13
2017,Balochistan,Quetta,Quetta,District,Semi-Urban,Mining,921225,55.84,16496.8,55.31,66.94,45.08,36287.0,32.1,10.05,218,20,51.13,52.7,19247,239.4,30.8,15.77,1221.0,1675.0,33.83,37.8,58.42
2018,Balochistan,Quetta,Quetta,District,Rural,Construction,912815,56.43,16174.7,50.06,59.99,36.99,25877.0,41.1,13.84,248,13,50.15,44.89,18915,182.4,21.6,25.64,955.0,1573.0,32.51,50.69,58.79
2019,Balochistan,Quetta,Quetta,District,Rural,Services,992713,66.86,14847.8,45.26,54.03,25.34,49306.0,33.81,8.17,293,13,41.14,40.79,9965,102.2,26.9,26.14,1508.0,2536.0,31.5,51.79,56.6
2020,Balochistan,Quetta,Quetta,District,Urban,Education,1014428,101.0,10044.1,49.56,57.3,41.28,30074.0,34.55,14.5,317,11,49.73,53.22,9188,122.1,22.4,39.43,1422.0,1502.0,29.14,56.15,56.4
2021,Balochistan,Quetta,Quetta,District,Semi-Urban,Mining,968375,36.63,26436.8,50.94,59.7,32.14,45406.0,35.46,13.81,369,18,49.59,55.67,8088,118.1,19.5,31.92,2076.0,3102.0,53.17,46.37,61.01
2022,Balochistan,Quetta,Quetta,District,Urban,Manufacturing,1098171,101.39,10831.7,48.09,54.07,35.42,35301.0,32.97,8.8,233,11,51.9,46.37,3777,122.9,28.7,25.6,1552.0,1734.0,57.51,64.54,58.46
2023,Balochistan,Quetta,Quetta,District,Rural,Services,1066686,81.9,13024.1,49.0,53.11,43.82,40617.0,31.39,14.63,262,21,58.75,55.61,8145,172.8,27.6,23.47,1862.0,1523.0,49.05,55.45,60.55
2024,Balochistan,Quetta,Quetta,District,Rural,Mining,1026855,35.61,28838.8,57.8,64.31,46.79,34050.0,28.12,9.33,338,20,58.38,57.51,26456,225.4,23.1,18.12,1513.0,2003.0,48.57,43.99,65.21
2015,Balochistan,Sibi,Dera Bugti,District,Rural,Services,791724,105.71,7489.8,46.44,54.75,28.04,41122.0,37.82,12.09,179,9,48.89,39.67,7540,165.9,19.9,37.91,1193.0,2158.0,46.7,56.1,55.44
2016,Balochistan,Sibi,Dera Bugti,District,Urban,Services,810880,38.01,21335.2,53.33,60.93,42.91,30281.0,36.45,9.69,371,9,55.14,57.93,13008,171.0,22.7,40.52,980.0,1334.0,66.59,46.74,58.57
2017,Balochistan,Sibi,Dera Bugti,District,Rural,Mining,835037,46.0,18151.9,44.26,50.73,27.64,36816.0,40.99,15.19,211,11,54.52,43.31,10126,148.5,25.1,43.46,1434.0,1318.0,23.92,50.63,57.86
2018,Balochistan,Sibi,Dera Bugti,District,Urban,Education,825906,72.15,11446.9,51.75,56.67,42.0,43575.0,29.39,8.57,212,11,59.31,45.42,7508,119.2,21.2,39.48,2032.0,2669.0,33.37,58.41,59.6
2019,Balochistan,Sibi,Dera Bugti,District,Urban,Construction,903158,54.45,16586.2,44.23,53.73,28.07,43159.0,37.83,13.67,269,18,52.62,40.1,6513,132.2,21.5,32.36,946.0,2812.0,30.53,51.28,58.05
2020,Balochistan,Sibi,Dera Bugti,District,Semi-Urban,Education,890144,67.87,13116.4,41.51,45.98,31.87,23041.0,37.8,9.24,207,19,41.3,38.39,5427,207.9,30.4,30.56,825.0,848.0,34.21,54.63,57.91
2021,Balochistan,Sibi,Dera Bugti,District,Rural,Construction,844828,30.58,27627.6,53.27,60.66,34.04,33834.0,34.85,11.46,183,12,61.0,63.97,23979,188.7,19.9,32.28,1322.0,1778.0,49.54,40.19,58.73
2022,Balochistan,Sibi,Dera Bugti,District,Urban,Healthcare,928881,87.05,10670.5,48.72,50.72,39.16,43749.0,30.92,15.27,305,12,55.92,50.25,4510,155.8,21.6,32.52,1251.0,2249.0,60.77,49.67,62.07
2023,Balochistan,Sibi,Dera Bugti,District,Rural,Manufacturing,981283,42.38,23153.2,44.26,55.08,36.43,40275.0,35.39,12.24,338,11,51.8,49.56,10348,233.4,25.7,28.52,1696.0,1836.0,41.86,43.55,59.77
2024,Balochistan,Sibi,Dera Bugti,District,Rural,Healthcare,941676,68.13,13822.7,47.74,57.83,31.6,33836.0,31.7,11.82,346,10,56.62,56.73,4998,213.2,22.0,49.58,815.0,1164.0,40.65,52.81,61.12
2015,Balochistan,Sibi,Kholu,District,Urban,Agriculture,522693,33.13,15775.9,38.85,45.24,31.98,37132.0,42.56,12.18,176,10,49.51,33.47,6872,265.0,21.9,33.61,1292.0,1622.0,20.41,69.91,53.65
2016,Balochistan,Sibi,Kholu,District,Semi-Urban,Manufacturing,531991,17.77,29943.0,46.73,49.44,30.09,40856.0,43.71,11.6,156,6,47.01,56.59,33120,261.3,18.8,33.55,1124.0,1849.0,43.51,48.63,60.77
2017,Balochistan,Sibi,Kholu,District,Urban,Construction,533532,24.24,22011.1,47.69,56.35,41.28,46838.0,36.04,14.48,169,5,46.62,60.42,20102,125.9,28.3,30.51,1375.0,2010.0,30.42,42.52,61.83
2018,Balochistan,Sibi,Kholu,District,Semi-Urban,Services,564085,19.97,28247.8,49.4,52.53,41.13,22160.0,32.4,12.54,158,10,54.04,45.96,8857,249.8,30.1,10.88,971.0,1183.0,51.65,63.94,59.28
2019,Balochistan,Sibi,Kholu,District,Urban,Healthcare,565547,19.42,29127.4,46.33,55.18,33.83,28614.0,37.98,13.41,151,6,52.02,42.48,25125,228.7,21.5,36.63,624.0,1596.0,36.92,54.98,59.08
2020,Balochistan,Sibi,Kholu,District,Semi-Urban,Manufacturing,598723,108.4,5523.2,52.83,61.72,44.93,45747.0,32.77,11.45,221,6,59.37,60.04,2903,235.0,24.1,36.9,969.0,2665.0,37.91,59.97,61.23
2021,Balochistan,Sibi,Kholu,District,Urban,Construction,602537,38.32,15722.6,47.31,50.91,29.4,39516.0,34.79,14.52,162,8,47.43,49.58,8900,246.2,26.4,38.66,1103.0,1766.0,46.56,47.75,60.01
2022,Balochistan,Sibi,Kholu,District,Urban,Mining,560467,44.43,12613.2,53.53,60.92,38.65,43702.0,31.11,9.86,219,13,61.03,61.02,11539,133.0,28.1,23.12,1878.0,1580.0,39.37,45.21,62.77
2023,Balochistan,Sibi,Kholu,District,Rural,Education,598523,54.33,11016.7,51.83,55.74,45.22,37612.0,36.15,10.53,261,7,47.3,62.81,11596,122.2,18.4,32.73,1495.0,1919.0,21.59,52.91,62.06
2024,Balochistan,Sibi,Kholu,District,Rural,Mining,667433,54.45,12257.9,51.52,61.53,45.32,33601.0,36.04,10.31,174,15,60.32,47.97,11879,178.5,30.5,31.09,1570.0,2113.0,23.04,44.99,60.41
2015,Balochistan,Sibi,Sibi,District,Urban,Education,784135,46.64,16812.6,41.62,47.48,33.16,34993.0,38.61,11.25,186,8,38.63,39.7,8807,183.5,19.4,30.89,1356.0,1300.0,29.66,45.56,57.91
2016,Balochistan,Sibi,Sibi,District,Urban,Manufacturing,806663,162.82,4954.4,52.68,58.69,44.97,30724.0,33.67,11.37,205,13,54.29,58.08,3866,248.9,20.3,29.59,1167.0,2069.0,36.88,47.59,59.38
2017,Balochistan,Sibi,Sibi,District,Urban,Education,836032,27.95,29911.8,41.95,47.7,28.77,35309.0,35.26,14.46,184,12,47.26,52.18,15813,148.2,21.4,31.67,1725.0,1691.0,47.51,53.5,53.58
2018,Balochistan,Sibi,Sibi,District,Semi-Urban,Education,831952,28.18,29522.8,46.59,48.81,28.76,41298.0,36.8,9.03,219,11,56.84,45.64,30706,144.1,21.1,40.99,1965.0,2084.0,61.1,47.77,59.65
2019,Balochistan,Sibi,Sibi,District,Urban,Manufacturing,863064,186.0,4640.0,31.5,39.21,22.0,38080.0,44.98,17.45,255,17,32.33,44.57,4458,135.0,21.6,47.31,1588.0,2350.0,48.45,62.15,53.47
2020,Balochistan,Sibi,Sibi,District,Rural,Services,841920,39.51,21308.7,51.22,53.78,45.04,46763.0,36.63,12.35,225,8,55.02,49.54,23265,221.5,26.1,40.47,1545.0,3143.0,58.55,43.49,60.5
2021,Balochistan,Sibi,Sibi,District,Rural,Education,847387,36.95,22935.0,47.27,54.92,37.48,46475.0,29.29,10.88,186,8,52.05,52.83,11438,99.7,25.3,27.82,1000.0,2754.0,36.34,49.02,59.49
2022,Balochistan,Sibi,Sibi,District,Urban,Agriculture,899625,48.2,18663.7,44.67,47.16,31.1,37644.0,37.73,14.44,255,16,44.55,45.86,12293,113.8,19.2,23.87,1244.0,2180.0,39.96,48.91,60.65
2023,Balochistan,Sibi,Sibi,District,Rural,Mining,986019,130.65,7547.0,41.47,47.77,32.48,39918.0,35.99,11.9,309,13,45.74,55.19,2872,184.4,21.4,40.41,1603.0,1874.0,54.24,56.43,57.83
2024,Balochistan,Sibi,Sibi,District,Rural,Manufacturing,926482,49.73,18628.6,47.47,49.92,40.28,35765.0,39.29,12.12,447,15,57.54,52.67,17079,268.2,24.2,46.87,883.0,2115.0,60.91,59.36,56.58
2015,Balochistan,Sibi,Ziarat,District,Rural,Manufacturing,237628,12.26,19388.1,49.83,55.15,37.76,25422.0,40.03,12.19,97,2,49.16,49.22,9372,234.8,22.3,31.65,908.0,1026.0,57.0,47.02,59.32
2016,Balochistan,Sibi,Ziarat,District,Rural,Agriculture,242873,40.77,5957.7,43.21,53.1,33.95,39023.0,38.95,13.49,59,5,47.63,50.0,4280,97.8,20.4,31.72,1887.0,1275.0,50.9,39.91,58.0
2017,Balochistan,Sibi,Ziarat,District,Semi-Urban,Construction,250393,9.09,27560.3,43.05,52.14,30.42,38375.0,33.59,11.68,81,5,43.13,54.26,29767,159.6,31.7,31.6,1379.0,1437.0,65.19,51.91,60.82
2018,Balochistan,Sibi,Ziarat,District,Rural,Manufacturing,254043,9.09,27937.8,44.22,49.74,34.01,33792.0,39.82,11.84,123,4,47.74,44.26,33424,160.8,20.2,49.14,1668.0,1387.0,51.26,52.1,59.0
2019,Balochistan,Sibi,Ziarat,District,Rural,Mining,248798,19.38,12840.8,38.83,42.2,27.94,29034.0,43.86,13.87,49,2,49.11,51.99,14953,130.6,22.8,27.25,1114.0,1597.0,56.49,52.35,58.9
2020,Balochistan,Sibi,Ziarat,District,Urban,Services,256858,40.92,6277.0,54.74,64.74,41.62,29391.0,29.58,11.91,52,2,54.21,57.37,5772,127.2,19.9,26.92,1380.0,1951.0,63.13,42.76,58.6
2021,Balochistan,Sibi,Ziarat,District,Rural,Agriculture,268793,11.41,23561.4,47.6,58.0,39.84,50712.0,32.19,13.72,67,3,45.21,41.82,23299,185.9,28.1,26.85,2353.0,2361.0,27.28,50.29,57.29
2022,Balochistan,Sibi,Ziarat,District,Rural,Mining,273487,9.72,28145.5,51.69,59.81,35.26,37561.0,24.51,11.68,58,2,50.63,59.52,23955,109.2,20.6,29.44,1423.0,1474.0,33.34,51.67,60.43
2023,Balochistan,Sibi,Ziarat,District,Urban,Construction,258649,10.85,23835.1,42.3,45.93,30.19,26899.0,43.31,14.2,107,2,45.1,48.94,23551,123.1,23.4,38.83,550.0,1097.0,31.31,56.81,57.73
2024,Balochistan,Sibi,Ziarat,District,Rural,Construction,284805,9.6,29670.8,47.41,53.99,37.54,49848.0,37.06,14.22,66,6,56.58,60.01,29629,246.1,24.9,25.1,1906.0,3139.0,32.34,40.75,59.73
2015,Balochistan,Zhob,Barkhan,District,Rural,Mining,727012,40.36,18014.2,45.82,56.6,27.66,43242.0,37.29,12.76,201,9,51.8,39.72,11818,109.7,24.4,33.62,1819.0,2262.0,32.29,51.39,61.73
2016,Balochistan,Zhob,Barkhan,District,Rural,Manufacturing,743662,220.0,3380.3,43.42,45.97,29.22,36405.0,37.57,11.17,258,11,43.65,53.46,2424,173.0,23.9,26.26,1434.0,1224.0,45.85,62.3,57.81
2017,Balochistan,Zhob,Barkhan,District,Rural,Agriculture,760120,41.33,18392.5,45.9,56.86,27.46,25252.0,37.97,9.89,162,10,47.21,45.49,9657,94.5,24.4,26.71,1029.0,1674.0,64.13,50.58,58.14
2018,Balochistan,Zhob,Barkhan,District,Rural,Construction,794222,145.48,5459.2,48.17,59.66,35.49,41076.0,41.57,12.83,339,11,48.79,51.42,1853,159.1,29.1,27.78,1032.0,1783.0,38.93,44.61,62.61
2019,Balochistan,Zhob,Barkhan,District,Rural,Manufacturing,823937,125.99,6539.5,42.55,46.35,33.21,46466.0,33.7,12.28,338,9,39.06,42.33,1982,221.4,31.5,36.71,1996.0,1417.0,64.93,59.41,57.61
2020,Balochistan,Zhob,Barkhan,District,Rural,Services,812329,33.01,24608.7,41.55,43.62,27.54,37056.0,38.6,12.92,212,11,40.65,48.51,21109,171.7,24.2,38.05,1361.0,2335.0,64.11,55.09,54.21
2021,Balochistan,Zhob,Barkhan,District,Urban,Education,777361,38.31,20291.8,46.45,52.62,40.71,27458.0,35.35,11.99,368,8,51.81,56.24,11281,143.7,30.9,42.4,1094.0,1592.0,28.91,41.07,62.0
2022,Balochistan,Zhob,Barkhan,District,Urban,Agriculture,860107,29.6,29056.2,46.8,56.38,29.49,41314.0,31.67,13.22,202,13,42.65,55.15,16374,148.1,30.6,34.25,993.0,2387.0,62.17,52.16,59.7
2023,Balochistan,Zhob,Barkhan,District,Rural,Education,831060,49.79,16690.1,58.32,67.21,46.07,41414.0,25.39,11.55,203,10,54.13,64.17,9320,203.2,31.8,21.38,1585.0,1767.0,66.69,47.14,62.53
2024,Balochistan,Zhob,Barkhan,District,Urban,Agriculture,893176,75.01,11907.9,48.18,57.26,34.03,58288.0,30.94,10.26,373,12,51.15,53.59,4839,178.7,20.5,37.38,1979.0,3606.0,68.96,58.06,61.8
2015,Balochistan,Zhob,Loralai,District,Urban,Mining,740332,54.4,13609.7,52.42,55.1,43.6,34952.0,35.21,11.13,346,12,59.27,48.8,8050,205.3,27.7,29.03,705.0,2007.0,35.01,42.3,61.94
2016,Balochistan,Zhob,Loralai,District,Rural,Education,754053,39.18,19247.8,47.75,56.2,30.79,38877.0,38.98,11.92,361,14,47.93,47.34,13753,211.0,30.8,23.92,1787.0,2560.0,44.07,51.25,58.35
2017,Balochistan,Zhob,Loralai,District,Rural,Healthcare,772601,27.61,27978.1,44.01,49.33,30.35,42481.0,35.41,14.09,356,10,48.08,50.97,17297,189.9,18.3,30.95,2085.0,1751.0,65.81,50.35,60.85
2018,Balochistan,Zhob,Loralai,District,Urban,Construction,764531,39.12,19542.3,47.44,52.58,31.86,48496.0,36.88,12.46,168,10,48.54,52.23,7389,245.6,28.5,35.73,2246.0,2176.0,21.58,57.5,58.05
2019,Balochistan,Zhob,Loralai,District,Urban,Services,835635,50.03,16702.8,36.75,47.8,19.76,30329.0,45.2,10.9,330,13,33.64,35.28,18895,106.7,25.1,41.15,1273.0,1545.0,27.7,58.02,54.12
2020,Balochistan,Zhob,Loralai,District,Rural,Agriculture,855702,32.4,26410.4,48.07,55.29,32.36,26511.0,35.21,9.11,191,8,53.41,43.51,24253,220.4,24.4,46.64,1003.0,888.0,20.21,53.9,64.69
2021,Balochistan,Zhob,Loralai,District,Rural,Construction,841967,50.79,16576.2,42.91,47.67,35.02,24336.0,33.23,12.33,211,14,47.28,42.71,14985,250.6,22.5,40.21,686.0,883.0,35.96,53.62,60.89
2022,Balochistan,Zhob,Loralai,District,Urban,Services,809612,45.82,17669.5,49.85,53.56,36.23,53785.0,29.78,10.91,350,11,53.1,47.79,13897,259.8,29.3,21.85,1158.0,1676.0,35.57,48.26,60.84
2023,Balochistan,Zhob,Loralai,District,Rural,Manufacturing,956806,75.1,12740.8,35.18,40.74,23.49,25958.0,43.21,14.36,423,15,42.23,47.73,11996,203.3,27.7,39.16,1042.0,1333.0,36.62,65.07,53.41
2024,Balochistan,Zhob,Loralai,District,Urban,Manufacturing,1003238,66.71,15039.5,43.84,50.49,28.19,50295.0,39.77,12.84,418,11,53.25,46.63,6457,172.0,27.6,40.88,2357.0,2028.0,31.58,50.83,54.82
2015,Balochistan,Zhob,Musakhel,District,Urban,Mining,451803,40.16,11249.2,46.74,51.56,29.05,42682.0,34.68,10.97,98,7,49.38,41.03,4664,110.3,24.7,31.58,985.0,2676.0,37.43,46.52,56.85
2016,Balochistan,Zhob,Musakhel,District,Rural,Healthcare,465320,23.05,20184.6,51.49,57.33,31.88,28369.0,37.54,11.35,106,6,52.35,52.03,18663,201.8,25.7,38.47,934.0,1963.0,37.04,43.8,58.05
2017,Balochistan,Zhob,Musakhel,District,Rural,Construction,473916,22.11,21435.7,43.48,48.73,29.54,29663.0,40.11,14.22,188,5,50.22,51.19,9829,240.6,19.6,30.6,1444.0,972.0,24.88,50.93,60.89
2018,Balochistan,Zhob,Musakhel,District,Rural,Manufacturing,469262,19.89,23597.6,43.21,51.57,24.66,43753.0,39.31,16.28,149,6,48.79,38.54,21114,237.1,30.4,35.78,1470.0,1823.0,20.01,56.48,56.82
2019,Balochistan,Zhob,Musakhel,District,Rural,Mining,499464,64.38,7758.5,49.85,61.0,34.09,34494.0,29.06,14.12,107,8,56.78,55.97,2384,255.3,31.1,22.07,1711.0,1593.0,69.51,48.17,60.46
2020,Balochistan,Zhob,Musakhel,District,Rural,Construction,482393,39.1,12338.2,35.45,39.81,17.47,30989.0,42.9,15.62,132,11,42.46,46.55,10644,154.7,30.1,43.78,1281.0,1433.0,55.11,62.81,55.49
2021,Balochistan,Zhob,Musakhel,District,Urban,Education,511442,74.6,6855.5,50.73,53.99,32.64,29382.0,36.32,13.6,211,6,58.31,50.33,2153,165.1,22.0,24.77,1223.0,1453.0,20.58,46.77,58.02
2022,Balochistan,Zhob,Musakhel,District,Urban,Construction,522259,119.49,4370.6,53.09,60.19,45.39,54790.0,37.2,12.96,133,8,54.62,60.91,2824,198.8,24.0,29.47,1467.0,2575.0,47.6,36.19,60.78
2023,Balochistan,Zhob,Musakhel,District,Rural,Education,489958,21.81,22465.6,51.68,57.36,39.43,40477.0,37.56,11.24,118,8,60.41,55.45,8358,96.0,18.5,28.76,1696.0,2067.0,49.01,41.4,59.79
2024,Balochistan,Zhob,Musakhel,District,Semi-Urban,Mining,597187,60.79,9823.8,49.57,58.41,34.54,50123.0,40.5,15.68,168,8,53.76,47.04,5710,203.5,27.3,30.49,1082.0,2192.0,46.96,49.07,60.41
2015,Balochistan,Zhob,Qilla Saifullah,District,Rural,Mining,772006,51.0,15138.5,34.23,43.73,15.39,32324.0,47.27,12.62,183,11,45.22,45.06,8090,142.1,18.5,29.4,1257.0,1717.0,56.35,62.93,54.49
2016,Balochistan,Zhob,Qilla Saifullah,District,Urban,Services,790782,77.76,10169.1,42.15,50.31,33.37,37082.0,42.01,15.01,187,18,45.21,38.37,3180,103.8,29.0,48.62,866.0,1371.0,33.76,55.06,56.37
2017,Balochistan,Zhob,Qilla Saifullah,District,Urban,Healthcare,810763,55.89,14506.3,40.65,43.5,30.51,24474.0,34.26,9.89,183,14,47.1,44.25,6364,233.9,30.1,42.64,854.0,1707.0,27.25,52.46,60.26
2018,Balochistan,Zhob,Qilla Saifullah,District,Rural,Services,841772,58.76,14325.2,42.68,46.36,35.94,27637.0,42.39,16.36,215,15,49.43,43.18,10437,205.6,28.6,27.67,1339.0,1849.0,39.94,52.23,57.48
2019,Balochistan,Zhob,Qilla Saifullah,District,Rural,Agriculture,822099,63.62,12922.0,47.4,54.7,37.66,41304.0,38.31,14.49,294,11,49.18,46.07,14549,233.5,23.3,42.63,1616.0,2819.0,67.79,49.76,56.57
2020,Balochistan,Zhob,Qilla Saifullah,District,Semi-Urban,Manufacturing,855682,32.87,26034.0,45.53,54.87,29.29,49503.0,35.12,11.43,284,15,42.45,51.79,19992,160.4,28.8,18.44,1997.0,3452.0,49.44,46.04,58.81
2021,Balochistan,Zhob,Qilla Saifullah,District,Rural,Agriculture,858374,383.66,2237.3,46.25,48.59,37.47,23249.0,33.18,14.16,389,13,49.5,53.02,2560,153.3,28.2,39.78,923.0,1474.0,50.97,43.02,57.02
2022,Balochistan,Zhob,Qilla Saifullah,District,Semi-Urban,Services,974014,44.63,21826.1,43.66,54.62,24.15,43703.0,35.52,9.14,412,10,41.24,50.24,12334,252.0,25.9,31.51,1740.0,1443.0,54.78,58.55,55.53
2023,Balochistan,Zhob,Qilla Saifullah,District,Rural,Services,914050,38.83,23542.1,44.59,50.48,38.66,56597.0,38.41,11.45,224,11,51.68,43.05,27309,230.5,21.9,29.99,1581.0,2695.0,69.8,61.61,61.06
2024,Balochistan,Zhob,Qilla Saifullah,District,Semi-Urban,Agriculture,941454,49.32,19088.5,54.55,63.7,35.86,56068.0,36.78,8.4,371,13,51.25,61.74,6936,129.3,27.0,35.59,2345.0,3425.0,25.16,50.55,58.29
2015,Balochistan,Zhob,Zhob,District,Rural,Construction,185904,91.84,2024.3,47.76,57.47,32.14,35913.0,37.48,13.01,87,2,45.26,47.19,2145,160.4,18.1,20.29,1560.0,2206.0,43.91,56.58,61.67
2016,Balochistan,Zhob,Zhob,District,Semi-Urban,Agriculture,190273,6.63,28716.3,45.62,53.94,34.61,19863.0,36.17,11.78,42,2,49.57,57.48,18057,154.6,27.5,18.76,906.0,866.0,67.94,52.08,59.68
2017,Balochistan,Zhob,Zhob,District,Semi-Urban,Education,197620,19.53,10118.8,48.62,57.51,42.02,41022.0,31.61,12.09,75,2,58.27,54.54,7024,143.8,23.5,29.16,1054.0,1289.0,44.33,51.95,58.85
2018,Balochistan,Zhob,Zhob,District,Rural,Services,191898,22.11,8677.6,38.17,40.34,18.67,48853.0,39.16,16.54,60,2,44.01,42.44,8755,263.7,29.4,30.79,1040.0,1697.0,36.96,57.18,56.28
2019,Balochistan,Zhob,Zhob,District,Rural,Mining,209380,14.11,14834.4,40.14,48.68,33.01,40837.0,42.69,11.98,51,2,38.36,45.7,5061,256.5,18.5,36.05,1676.0,1438.0,43.56,57.39,56.57
2020,Balochistan,Zhob,Zhob,District,Urban,Healthcare,199587,18.82,10605.4,43.51,53.5,31.05,23741.0,34.76,16.06,45,2,41.72,48.8,5115,237.2,19.5,30.19,715.0,1506.0,31.03,61.97,60.05
2021,Balochistan,Zhob,Zhob,District,Rural,Healthcare,219980,40.87,5382.5,49.9,52.53,42.3,35214.0,36.94,12.16,54,3,49.73,61.71,3625,128.4,18.6,35.98,1440.0,1836.0,33.69,52.47,57.49
2022,Balochistan,Zhob,Zhob,District,Rural,Education,214965,68.47,3139.6,48.57,52.37,43.48,52758.0,42.56,11.77,93,2,52.9,56.84,2619,92.8,24.8,25.61,1504.0,3046.0,24.46,51.63,61.1
2023,Balochistan,Zhob,Zhob,District,Rural,Agriculture,235143,42.35,5553.0,44.27,53.44,30.33,39759.0,32.34,13.18,96,4,46.6,42.41,4800,121.4,27.7,38.06,1729.0,1746.0,50.6,52.28,61.19
2024,Balochistan,Zhob,Zhob,District,Urban,Manufacturing,203527,38.47,5290.2,52.75,61.35,36.2,32923.0,29.55,8.49,56,4,52.91,60.06,2123,187.2,21.1,12.61,806.0,2099.0,33.82,51.04,61.19
2015,Federally Administered Tribal Ar,F.A.T.A.,Bajaur,District,Urban,Mining,1275419,171.89,7420.0,39.25,42.3,27.45,20379.0,43.81,12.3,589,20,38.47,38.39,3400,446.7,30.5,33.94,888.0,1007.0,12.36,56.58,52.94
2016,Federally Administered Tribal Ar,F.A.T.A.,Bajaur,District,Urban,Healthcare,1291873,218.57,5910.5,46.37,49.35,36.47,37955.0,36.75,12.87,341,21,44.71,52.95,2836,330.3,28.9,28.44,1774.0,1250.0,43.2,60.93,56.87
2017,Federally Administered Tribal Ar,F.A.T.A.,Bajaur,District,Urban,Agriculture,1339012,355.27,3769.0,41.41,46.1,31.03,19114.0,38.18,14.44,505,17,39.94,42.66,3478,383.1,20.7,36.16,416.0,678.0,25.12,58.01,59.36
2018,Federally Administered Tribal Ar,F.A.T.A.,Bajaur,District,Rural,Agriculture,1398933,784.15,1784.0,38.16,49.86,30.61,29582.0,36.45,13.38,461,15,43.4,48.23,1196,455.2,26.6,21.46,1055.0,1908.0,48.48,46.38,57.51
2019,Federally Administered Tribal Ar,F.A.T.A.,Bajaur,District,Rural,Agriculture,1355877,341.47,3970.7,46.01,57.47,27.1,30846.0,39.18,13.5,663,20,54.5,44.06,2684,373.7,21.1,29.56,658.0,2148.0,51.12,51.77,59.46
2020,Federally Administered Tribal Ar,F.A.T.A.,Bajaur,District,Semi-Urban,Manufacturing,1466661,397.18,3692.7,47.54,56.47,31.24,32569.0,36.27,14.38,460,16,53.23,42.37,1548,398.1,19.2,13.86,940.0,1821.0,28.3,44.47,59.29
2021,Federally Administered Tribal Ar,F.A.T.A.,Bajaur,District,Urban,Services,1372228,492.5,2786.3,49.01,55.06,30.9,32893.0,37.43,12.94,333,15,55.32,42.15,2407,381.9,28.8,35.25,1352.0,989.0,45.54,60.88,57.44
2022,Federally Administered Tribal Ar,F.A.T.A.,Bajaur,District,Urban,Services,1523154,268.13,5680.6,39.86,48.71,31.75,31265.0,42.21,10.94,423,26,47.17,47.84,5465,445.0,26.1,40.01,677.0,2120.0,37.92,56.64,60.45
2023,Federally Administered Tribal Ar,F.A.T.A.,Bajaur,District,Urban,Manufacturing,1576754,1183.53,1332.2,41.65,45.7,26.01,46479.0,34.14,12.4,509,20,42.97,38.91,1046,423.5,18.9,30.87,1835.0,2765.0,54.16,67.14,58.36
2024,Federally Administered Tribal Ar,F.A.T.A.,Bajaur,District,Rural,Mining,1646864,285.35,5771.3,44.87,50.6,39.05,47381.0,35.19,11.04,386,19,45.19,56.1,4467,401.4,23.9,26.46,1122.0,2767.0,30.36,53.64,59.35
2015,Federally Administered Tribal Ar,F.A.T.A.,Khyber,District,Rural,Services,1013096,196.45,5157.1,34.07,36.87,22.2,23347.0,35.45,17.33,230,10,42.8,47.78,5994,226.3,30.5,39.49,521.0,854.0,50.41,55.22,56.29
2016,Federally Administered Tribal Ar,F.A.T.A.,Khyber,District,Urban,Agriculture,1026064,629.98,1628.7,47.48,53.68,35.37,20718.0,35.3,13.35,392,10,43.07,48.69,915,473.0,31.0,48.76,453.0,1344.0,43.2,52.77,57.41
2017,Federally Administered Tribal Ar,F.A.T.A.,Khyber,District,Urban,Manufacturing,1045379,195.95,5335.0,38.32,44.78,20.69,40338.0,39.21,11.18,323,17,44.18,39.1,5913,437.3,27.8,39.88,1178.0,2484.0,23.68,61.3,56.03
2018,Federally Administered Tribal Ar,F.A.T.A.,Khyber,District,Rural,Education,1061470,398.88,2661.1,29.78,33.6,16.75,27461.0,46.15,13.93,233,21,31.06,44.43,2457,447.5,20.3,31.97,1098.0,992.0,17.89,72.28,55.85
2019,Federally Administered Tribal Ar,F.A.T.A.,Khyber,District,Urban,Manufacturing,1079284,375.44,2874.7,45.0,50.73,34.85,19946.0,44.53,13.24,453,19,43.27,49.5,2243,213.9,22.4,35.11,472.0,618.0,34.29,52.73,60.95
2020,Federally Administered Tribal Ar,F.A.T.A.,Khyber,District,Urban,Healthcare,1193256,156.83,7608.4,42.81,53.77,33.37,39432.0,44.32,13.39,249,24,53.08,47.31,8997,403.0,27.1,30.5,1467.0,1415.0,53.63,53.87,59.89
2021,Federally Administered Tribal Ar,F.A.T.A.,Khyber,District,Semi-Urban,Agriculture,1168915,306.34,3815.8,50.59,61.0,39.56,44316.0,32.88,11.86,287,13,59.03,45.79,2265,420.4,22.3,30.23,1695.0,1675.0,30.07,53.89,55.68
2022,Federally Administered Tribal Ar,F.A.T.A.,Khyber,District,Semi-Urban,Mining,1189208,190.18,6253.2,45.76,52.66,34.84,42186.0,34.88,12.04,459,26,53.92,52.44,7185,583.0,31.7,26.39,1993.0,1875.0,37.14,51.07,61.42
2023,Federally Administered Tribal Ar,F.A.T.A.,Khyber,District,Rural,Healthcare,1129591,345.21,3272.2,35.82,42.26,19.9,45509.0,44.57,12.15,362,19,37.51,50.0,2284,549.7,19.2,26.16,1134.0,2690.0,54.67,55.39,55.38
2024,Federally Administered Tribal Ar,F.A.T.A.,Khyber,District,Urban,Construction,1350347,374.43,3606.5,54.41,65.74,44.38,43215.0,31.66,14.14,299,17,51.12,52.31,1369,595.4,25.4,35.98,1395.0,2877.0,36.58,46.31,65.54
2015,Federally Administered Tribal Ar,F.A.T.A.,Kurram,District,Rural,Construction,716328,116.21,6164.3,44.99,50.03,27.48,32710.0,40.18,11.03,297,14,46.22,49.32,3094,216.9,29.6,32.66,1431.0,1183.0,35.17,55.29,61.41
2016,Federally Administered Tribal Ar,F.A.T.A.,Kurram,District,Rural,Agriculture,728866,138.19,5274.2,46.16,55.8,40.73,32083.0,39.42,10.1,307,9,45.86,42.82,4425,562.7,27.0,32.0,990.0,1579.0,32.19,57.68,61.9
2017,Federally Administered Tribal Ar,F.A.T.A.,Kurram,District,Rural,Education,746585,132.27,5644.3,40.58,44.05,26.86,23952.0,37.79,13.53,151,8,42.12,49.16,2381,207.0,21.6,37.47,596.0,980.0,30.75,56.64,57.8
2018,Federally Administered Tribal Ar,F.A.T.A.,Kurram,District,Rural,Healthcare,761264,240.16,3169.9,47.12,56.65,40.7,40683.0,37.68,16.02,265,10,56.45,50.33,1853,506.6,20.6,40.03,1845.0,2522.0,34.47,51.27,56.7
2019,Federally Administered Tribal Ar,F.A.T.A.,Kurram,District,Semi-Urban,Manufacturing,765651,237.86,3218.9,39.36,50.57,28.18,36505.0,37.71,10.88,212,12,37.58,36.2,1413,312.6,28.9,27.98,972.0,1370.0,17.34,54.53,54.0
2020,Federally Administered Tribal Ar,F.A.T.A.,Kurram,District,Rural,Construction,840247,124.75,6735.6,37.14,47.33,30.99,35405.0,41.56,13.73,234,11,41.69,46.69,4131,245.6,24.4,31.31,1442.0,1259.0,51.55,63.5,55.3
2021,Federally Administered Tribal Ar,F.A.T.A.,Kurram,District,Urban,Manufacturing,811689,183.5,4423.4,41.11,49.99,25.7,46475.0,42.86,10.71,165,16,41.57,49.83,1845,247.4,19.8,40.68,1039.0,2678.0,23.83,56.19,58.44
2022,Federally Administered Tribal Ar,F.A.T.A.,Kurram,District,Rural,Education,878605,139.24,6310.2,40.71,45.24,33.93,22803.0,37.21,10.9,205,20,38.26,50.47,1951,405.4,18.8,39.32,522.0,797.0,12.98,47.94,58.45
2023,Federally Administered Tribal Ar,F.A.T.A.,Kurram,District,Rural,Mining,873081,436.5,2000.2,47.96,58.51,37.68,37955.0,38.52,10.81,217,20,45.35,55.69,1035,311.0,26.1,35.47,1408.0,1289.0,45.14,52.53,58.31
2024,Federally Administered Tribal Ar,F.A.T.A.,Kurram,District,Rural,Services,890310,418.48,2127.5,43.3,50.34,35.09,22329.0,38.08,12.0,345,15,52.49,47.55,1974,589.4,19.4,36.61,571.0,1271.0,41.85,51.33,58.12
2015,Federally Administered Tribal Ar,F.A.T.A.,Largha Shirani,District,Urban,Education,370740,100.73,3680.7,45.4,51.01,32.96,38781.0,36.09,11.8,104,5,52.28,44.87,1238,386.4,25.3,37.7,1157.0,1343.0,22.97,54.44,59.25
2016,Federally Administered Tribal Ar,F.A.T.A.,Largha Shirani,District,Semi-Urban,Education,377076,132.77,2840.1,38.86,49.27,32.82,31156.0,41.07,15.44,76,5,43.29,38.85,1791,542.1,20.6,27.96,635.0,1775.0,31.41,58.52,57.29
2017,Federally Administered Tribal Ar,F.A.T.A.,Largha Shirani,District,Urban,Manufacturing,390879,88.43,4420.0,37.72,41.4,19.33,27243.0,40.17,13.15,97,8,39.87,45.96,2673,591.0,28.4,33.84,1031.0,1897.0,26.37,59.04,59.18
2018,Federally Administered Tribal Ar,F.A.T.A.,Largha Shirani,District,Rural,Construction,385466,64.9,5939.0,37.19,43.95,26.19,38872.0,44.17,15.95,135,4,42.2,37.07,7060,515.8,27.0,40.16,1374.0,1395.0,37.14,63.04,60.2
2019,Federally Administered Tribal Ar,F.A.T.A.,Largha Shirani,District,Rural,Services,403454,96.75,4170.1,44.85,48.64,39.45,21989.0,41.76,12.81,149,4,40.81,52.88,1824,532.1,25.0,32.25,850.0,744.0,37.21,51.34,61.58
2020,Federally Administered Tribal Ar,F.A.T.A.,Largha Shirani,District,Rural,Agriculture,393355,62.87,6256.8,37.23,44.7,19.33,38993.0,39.17,14.68,89,7,43.44,41.45,7455,304.7,22.8,36.38,1809.0,1356.0,52.87,56.63,57.29
2021,Federally Administered Tribal Ar,F.A.T.A.,Largha Shirani,District,Rural,Healthcare,420599,110.13,3819.2,47.53,52.65,36.07,42872.0,39.78,11.06,199,8,52.67,55.99,1521,553.9,20.3,31.98,1726.0,2418.0,27.51,61.25,58.25
2022,Federally Administered Tribal Ar,F.A.T.A.,Largha Shirani,District,Rural,Agriculture,447157,109.88,4069.3,47.59,59.37,37.3,36426.0,35.56,12.24,97,6,48.7,50.35,3383,588.3,26.6,20.75,869.0,1627.0,24.42,57.01,61.43
2023,Federally Administered Tribal Ar,F.A.T.A.,Largha Shirani,District,Rural,Agriculture,470514,75.42,6239.0,41.49,45.83,32.82,37852.0,37.31,15.31,121,7,43.76,55.1,6983,364.8,18.8,46.89,831.0,1597.0,24.04,57.92,55.69
2024,Federally Administered Tribal Ar,F.A.T.A.,Largha Shirani,District,Semi-Urban,Construction,437006,148.34,2945.9,50.36,62.22,36.54,22496.0,36.71,13.01,129,4,53.85,60.84,1738,306.6,27.7,40.5,516.0,1114.0,27.0,54.01,61.11
2015,Federally Administered Tribal Ar,F.A.T.A.,Mohmand,District,Urban,Manufacturing,1027221,155.97,6585.9,42.22,44.97,22.61,27927.0,41.12,7.72,256,20,42.49,55.27,3679,280.7,26.9,30.74,598.0,1951.0,48.27,55.88,55.36
2016,Federally Administered Tribal Ar,F.A.T.A.,Mohmand,District,Rural,Education,1047817,172.58,6071.7,43.16,47.25,31.03,22516.0,41.48,9.21,460,11,40.26,43.42,6322,226.9,29.2,41.64,791.0,946.0,45.8,50.07,57.65
2017,Federally Administered Tribal Ar,F.A.T.A.,Mohmand,District,Semi-Urban,Education,1082567,300.1,3607.4,37.15,41.01,24.4,25270.0,43.92,14.54,393,15,43.51,42.53,4205,552.4,26.8,28.71,1068.0,1230.0,32.46,62.19,54.88
2018,Federally Administered Tribal Ar,F.A.T.A.,Mohmand,District,Urban,Services,1133720,221.94,5108.2,44.64,48.15,37.43,31397.0,37.98,14.92,263,17,48.67,50.48,5413,408.9,23.1,31.18,1014.0,2022.0,40.84,52.3,57.42
2019,Federally Administered Tribal Ar,F.A.T.A.,Mohmand,District,Urban,Services,1168671,170.74,6844.8,42.57,44.85,35.32,34891.0,35.73,12.39,417,20,40.72,49.92,4912,294.5,21.3,20.58,1284.0,1655.0,45.87,52.0,57.2
2020,Federally Administered Tribal Ar,F.A.T.A.,Mohmand,District,Urban,Healthcare,1168871,689.52,1695.2,35.49,42.35,16.03,20437.0,40.4,12.23,485,21,43.99,43.34,1876,270.4,29.9,44.22,601.0,857.0,10.9,53.63,54.12
2021,Federally Administered Tribal Ar,F.A.T.A.,Mohmand,District,Urban,Education,1100752,152.34,7225.8,40.55,47.55,26.99,45606.0,34.54,12.03,274,11,42.45,51.26,7558,537.1,21.3,35.23,2211.0,3068.0,15.43,58.65,56.05
2022,Federally Administered Tribal Ar,F.A.T.A.,Mohmand,District,Urban,Manufacturing,1150278,503.28,2285.6,49.21,55.43,40.67,45031.0,33.88,8.24,485,13,49.22,53.51,1126,356.0,28.5,29.12,1272.0,2087.0,16.49,57.24,60.33
2023,Federally Administered Tribal Ar,F.A.T.A.,Mohmand,District,Urban,Services,1317230,292.65,4501.0,46.12,49.57,29.36,22869.0,47.71,13.09,321,28,49.69,48.7,4677,298.5,21.9,23.52,472.0,1570.0,31.38,51.85,55.28
2024,Federally Administered Tribal Ar,F.A.T.A.,Mohmand,District,Rural,Agriculture,1284496,234.97,5466.7,36.17,41.8,16.79,46514.0,40.34,11.01,266,15,44.39,35.54,4271,421.1,22.3,16.96,1260.0,2219.0,46.55,61.01,59.13
2015,Federally Administered Tribal Ar,F.A.T.A.,N. Waziristan,District,Urban,Education,258849,35.05,7384.5,44.41,49.58,32.83,37576.0,39.27,13.35,89,2,51.32,43.7,4915,543.8,20.2,16.81,790.0,2430.0,46.55,51.96,60.01
2016,Federally Administered Tribal Ar,F.A.T.A.,N. Waziristan,District,Semi-Urban,Mining,266764,66.14,4033.2,50.91,57.98,35.44,39003.0,34.24,5.26,82,2,56.58,60.81,3856,528.1,29.5,17.88,1421.0,1680.0,25.83,47.33,62.35
2017,Federally Administered Tribal Ar,F.A.T.A.,N. Waziristan,District,Semi-Urban,Education,273217,51.45,5310.3,34.28,37.39,20.64,35931.0,39.16,16.7,107,4,40.47,29.2,6227,280.0,22.3,34.1,1614.0,2175.0,21.23,58.21,54.68
2018,Federally Administered Tribal Ar,F.A.T.A.,N. Waziristan,District,Rural,Manufacturing,283819,44.04,6444.8,44.51,48.5,27.52,35143.0,32.72,11.85,95,4,51.09,43.05,4215,475.0,29.6,53.67,1101.0,2228.0,28.65,47.13,59.67
2019,Federally Administered Tribal Ar,F.A.T.A.,N. Waziristan,District,Urban,Mining,284896,423.78,672.3,50.98,53.48,33.21,19431.0,29.84,12.34,77,3,49.32,45.12,359,385.0,21.7,20.83,441.0,869.0,37.81,46.46,58.62
2020,Federally Administered Tribal Ar,F.A.T.A.,N. Waziristan,District,Urban,Services,305477,51.87,5889.4,46.21,56.83,38.35,22523.0,35.17,13.14,92,3,48.39,52.75,5723,247.4,28.0,29.99,709.0,1064.0,45.2,52.61,59.75
2021,Federally Administered Tribal Ar,F.A.T.A.,N. Waziristan,District,Rural,Mining,283313,42.41,6680.7,50.49,57.0,41.96,25826.0,32.7,10.52,67,5,48.15,58.77,6118,211.5,31.7,27.96,871.0,785.0,21.17,55.6,60.54
2022,Federally Administered Tribal Ar,F.A.T.A.,N. Waziristan,District,Urban,Services,283990,49.84,5697.7,47.4,52.73,41.52,29567.0,32.39,10.9,69,3,53.29,55.01,6820,302.5,19.3,25.63,1425.0,2031.0,20.57,49.76,60.3
2023,Federally Administered Tribal Ar,F.A.T.A.,N. Waziristan,District,Urban,Mining,315273,374.73,841.3,47.87,55.68,34.48,42514.0,40.98,10.94,114,4,47.62,48.59,625,348.4,31.6,34.52,1283.0,2071.0,21.71,40.84,58.19
2024,Federally Administered Tribal Ar,F.A.T.A.,N. Waziristan,District,Rural,Services,288803,77.08,3747.0,49.75,56.05,39.34,42679.0,35.02,10.71,103,4,59.45,52.27,3191,589.3,21.9,24.24,1829.0,1731.0,50.63,49.8,61.7
2015,Federally Administered Tribal Ar,F.A.T.A.,Orakzai,District,Semi-Urban,Services,602136,75.65,7959.2,38.97,43.26,31.74,23868.0,42.35,7.61,140,12,47.86,46.27,3559,519.3,18.7,30.42,812.0,827.0,11.61,53.99,59.47
2016,Federally Administered Tribal Ar,F.A.T.A.,Orakzai,District,Rural,Healthcare,621632,163.1,3811.4,39.4,43.44,29.16,28723.0,35.86,17.88,125,8,42.33,35.74,1720,487.9,20.1,36.01,1013.0,1175.0,22.79,56.46,58.59
2017,Federally Administered Tribal Ar,F.A.T.A.,Orakzai,District,Urban,Education,641627,131.57,4876.6,32.38,43.25,17.23,31741.0,50.71,13.19,130,8,37.7,35.85,5770,230.7,28.8,39.35,751.0,1427.0,11.17,60.34,53.87
2018,Federally Administered Tribal Ar,F.A.T.A.,Orakzai,District,Rural,Mining,664177,226.95,2926.5,44.45,49.74,29.58,20954.0,34.2,10.93,318,9,50.62,47.38,3382,451.3,21.8,27.85,623.0,1242.0,11.97,59.44,57.36
2019,Federally Administered Tribal Ar,F.A.T.A.,Orakzai,District,Semi-Urban,Manufacturing,673398,141.21,4768.7,40.92,46.74,21.64,43046.0,40.97,11.45,255,15,46.49,41.25,2460,222.2,19.0,39.69,1856.0,1978.0,27.95,58.87,60.97
2020,Federally Administered Tribal Ar,F.A.T.A.,Orakzai,District,Urban,Mining,634459,185.85,3413.8,40.8,52.02,24.76,24883.0,38.94,15.99,197,8,51.04,37.76,1427,319.4,29.2,34.78,994.0,1575.0,50.67,52.01,54.83
2021,Federally Administered Tribal Ar,F.A.T.A.,Orakzai,District,Urban,Services,689414,96.55,7140.6,44.86,51.12,33.35,33156.0,38.58,12.28,201,9,46.72,53.26,8396,524.4,26.6,33.77,1336.0,1854.0,11.82,60.98,60.43
2022,Federally Administered Tribal Ar,F.A.T.A.,Orakzai,District,Rural,Manufacturing,729752,163.82,4454.6,46.46,55.3,26.69,46301.0,38.91,10.43,185,16,48.83,41.07,3433,520.6,22.2,23.57,1336.0,1477.0,23.52,57.08,61.01
2023,Federally Administered Tribal Ar,F.A.T.A.,Orakzai,District,Semi-Urban,Education,661974,506.39,1307.2,42.18,49.21,35.95,22561.0,37.99,9.5,202,14,47.87,47.22,936,301.4,21.6,29.99,983.0,1438.0,15.13,59.67,56.72
2024,Federally Administered Tribal Ar,F.A.T.A.,Orakzai,District,Rural,Agriculture,665216,115.03,5782.8,43.26,53.36,24.49,34086.0,33.75,10.48,226,7,50.29,45.77,5622,523.1,22.8,35.08,1299.0,2211.0,19.5,53.77,58.95
2015,Federally Administered Tribal Ar,F.A.T.A.,S. Waziristan,District,Semi-Urban,Services,369621,268.8,1375.1,41.07,49.25,28.76,16931.0,32.95,15.31,146,5,47.34,52.28,1267,586.3,26.4,39.79,828.0,965.0,53.83,57.69,60.36
2016,Federally Administered Tribal Ar,F.A.T.A.,S. Waziristan,District,Semi-Urban,Healthcare,380752,251.59,1513.4,45.23,49.65,38.05,19326.0,40.18,13.75,148,4,51.15,42.21,1530,210.7,24.7,22.97,497.0,812.0,47.89,44.32,55.46
2017,Federally Administered Tribal Ar,F.A.T.A.,S. Waziristan,District,Rural,Healthcare,385750,581.28,663.6,48.48,52.49,34.7,29087.0,31.34,10.5,154,7,54.17,60.48,433,388.6,30.0,25.74,873.0,992.0,35.62,48.27,57.43
2018,Federally Administered Tribal Ar,F.A.T.A.,S. Waziristan,District,Rural,Healthcare,405297,112.03,3617.6,44.35,53.59,31.65,28927.0,44.68,12.44,116,5,50.88,57.68,3910,214.8,23.6,17.46,780.0,938.0,52.09,57.29,55.05
2019,Federally Administered Tribal Ar,F.A.T.A.,S. Waziristan,District,Semi-Urban,Education,385353,82.88,4649.4,48.16,54.52,36.43,33440.0,36.34,14.71,137,4,56.68,43.27,2199,449.1,27.0,23.97,1014.0,1314.0,17.26,53.82,59.85
2020,Federally Administered Tribal Ar,F.A.T.A.,S. Waziristan,District,Urban,Education,399153,131.14,3043.6,53.55,63.88,34.15,43082.0,36.47,11.21,104,4,58.05,48.14,1899,317.4,28.0,35.46,1472.0,2966.0,40.29,50.21,62.08
2021,Federally Administered Tribal Ar,F.A.T.A.,S. Waziristan,District,Rural,Mining,401896,70.75,5680.2,38.75,45.69,19.6,25602.0,50.27,16.16,177,5,37.47,36.06,1944,396.9,29.1,39.32,526.0,1670.0,20.56,57.11,56.2
2022,Federally Administered Tribal Ar,F.A.T.A.,S. Waziristan,District,Urban,Services,421459,62.81,6709.6,36.08,40.66,27.72,25031.0,44.29,13.26,89,10,33.43,39.28,6658,447.0,19.7,39.17,1079.0,1309.0,25.31,56.2,55.53
2023,Federally Administered Tribal Ar,F.A.T.A.,S. Waziristan,District,Rural,Mining,477053,67.64,7052.7,43.13,54.88,26.8,45498.0,45.98,13.8,125,10,39.58,55.59,7080,519.6,31.5,22.06,2203.0,2864.0,45.17,56.55,54.84
2024,Federally Administered Tribal Ar,F.A.T.A.,S. Waziristan,District,Urban,Services,408044,78.1,5224.4,47.75,50.74,31.76,25001.0,37.86,7.9,88,4,45.33,46.43,5419,376.6,25.1,28.27,592.0,952.0,39.12,57.12,58.29
2015,Gilgit-Baltistan,Northern Areas,Chilas,District,Semi-Urban,Mining,643603,95.19,6761.1,64.4,68.86,49.96,16948.0,16.47,9.66,188,11,60.53,60.06,4594,303.8,10.4,28.65,455.0,1052.0,43.89,47.36,63.39
2016,Gilgit-Baltistan,Northern Areas,Chilas,District,Urban,Services,656690,166.65,3940.6,68.44,79.88,51.35,26748.0,16.84,10.98,144,7,67.02,58.77,2606,161.4,5.1,21.13,1155.0,1267.0,13.82,40.62,69.45
2017,Gilgit-Baltistan,Northern Areas,Chilas,District,Rural,Education,669383,90.23,7418.9,60.36,66.55,40.77,18705.0,27.19,11.87,272,8,68.99,70.91,5922,324.8,16.4,18.0,545.0,1117.0,49.86,44.08,64.0
2018,Gilgit-Baltistan,Northern Areas,Chilas,District,Urban,Healthcare,708890,272.82,2598.4,72.53,81.05,55.7,18551.0,20.91,10.28,197,7,75.78,70.57,2607,176.3,12.1,13.73,596.0,703.0,41.39,37.38,67.73
2019,Gilgit-Baltistan,Northern Areas,Chilas,District,Rural,Manufacturing,689955,229.32,3008.7,77.17,84.39,63.9,19841.0,13.21,11.6,165,8,71.35,85.44,966,196.0,6.2,16.44,927.0,1024.0,44.07,35.82,70.55
2020,Gilgit-Baltistan,Northern Areas,Chilas,District,Urban,Construction,698369,251.25,2779.6,71.67,81.24,64.82,41087.0,23.01,7.69,213,9,75.49,77.75,1579,189.9,11.6,7.03,1730.0,1977.0,52.36,42.78,69.08
2021,Gilgit-Baltistan,Northern Areas,Chilas,District,Urban,Education,789199,99.68,7917.5,68.39,78.24,59.12,41602.0,24.22,10.8,213,8,70.97,68.8,3372,273.9,9.6,19.98,1303.0,2475.0,42.17,38.5,64.46
2022,Gilgit-Baltistan,Northern Areas,Chilas,District,Semi-Urban,Agriculture,702709,361.45,1944.2,75.57,78.87,64.19,34890.0,26.29,9.47,162,10,70.21,72.74,1229,228.0,6.2,7.16,1249.0,1868.0,19.67,36.43,67.16
2023,Gilgit-Baltistan,Northern Areas,Chilas,District,Rural,Education,771851,311.52,2477.7,76.33,79.77,58.97,32484.0,24.61,6.83,220,11,75.29,83.5,1763,247.4,17.7,33.09,1593.0,1641.0,15.72,35.22,71.16
2024,Gilgit-Baltistan,Northern Areas,Chilas,District,Semi-Urban,Mining,791355,202.1,3915.7,83.73,89.43,77.08,42217.0,16.12,8.03,377,16,83.74,89.61,1714,154.7,16.1,18.7,1315.0,2940.0,23.03,30.52,72.63
2015,Gilgit-Baltistan,Northern Areas,Gilgit,District,Rural,Healthcare,283760,181.19,1566.0,62.16,65.39,49.83,34523.0,24.45,10.41,75,6,69.36,70.62,532,178.9,15.6,27.61,1189.0,1463.0,25.69,42.42,66.09
2016,Gilgit-Baltistan,Northern Areas,Gilgit,District,Urban,Agriculture,289806,87.03,3329.8,75.76,79.25,60.76,25098.0,15.06,8.97,64,3,70.18,67.17,3395,284.1,14.9,19.01,1002.0,1164.0,42.75,42.08,66.35
2017,Gilgit-Baltistan,Northern Areas,Gilgit,District,Semi-Urban,Mining,292809,64.25,4557.5,78.01,87.97,64.43,27219.0,23.33,8.94,60,3,81.25,79.23,4013,341.5,14.2,23.44,1070.0,909.0,41.83,29.66,70.11
2018,Gilgit-Baltistan,Northern Areas,Gilgit,District,Urban,Manufacturing,313588,50.73,6182.1,73.57,85.19,60.59,31620.0,21.87,12.21,64,4,77.47,72.58,3219,129.7,13.6,29.28,1302.0,2071.0,22.37,38.08,64.77
2019,Gilgit-Baltistan,Northern Areas,Gilgit,District,Rural,Agriculture,308484,61.07,5051.4,75.85,81.03,57.96,39252.0,14.59,7.09,96,7,81.2,64.94,5969,234.3,10.4,17.39,1423.0,1626.0,21.57,32.98,65.34
2020,Gilgit-Baltistan,Northern Areas,Gilgit,District,Semi-Urban,Services,305038,184.12,1656.7,69.8,72.79,60.33,39427.0,24.2,7.75,62,3,63.7,78.55,881,170.4,14.3,24.84,1902.0,2601.0,16.41,36.25,64.92
2021,Gilgit-Baltistan,Northern Areas,Gilgit,District,Urban,Education,303545,60.98,4977.5,73.7,76.36,60.41,26469.0,26.11,5.81,112,4,73.9,81.63,2540,192.3,9.1,31.07,1233.0,1079.0,11.3,36.14,66.29
2022,Gilgit-Baltistan,Northern Areas,Gilgit,District,Rural,Manufacturing,358798,152.85,2347.4,71.42,83.1,63.36,39260.0,28.31,10.05,97,4,68.84,68.84,2356,146.0,13.3,17.4,1418.0,1843.0,26.8,38.87,66.28
2023,Gilgit-Baltistan,Northern Areas,Gilgit,District,Urban,Construction,367314,723.76,507.5,79.96,87.94,67.72,34100.0,15.94,9.95,108,4,76.3,87.41,608,125.1,17.1,15.88,1544.0,1313.0,47.78,36.26,64.73
2024,Gilgit-Baltistan,Northern Areas,Gilgit,District,Semi-Urban,Mining,373545,218.37,1710.6,81.65,92.43,61.67,30142.0,18.1,7.65,103,8,74.83,83.37,1987,332.6,14.4,22.58,891.0,1727.0,19.49,34.19,68.4
2015,Gilgit-Baltistan,Northern Areas,Gilgit (Tribal Territory),District,Urban,Construction,305023,78.3,3895.4,71.45,79.91,56.07,33660.0,20.69,11.54,111,3,69.43,69.93,1183,274.9,5.2,18.47,683.0,1243.0,10.09,22.6,65.68
2016,Gilgit-Baltistan,Northern Areas,Gilgit (Tribal Territory),District,Urban,Healthcare,312311,74.94,4167.3,75.77,82.22,58.52,33373.0,12.64,9.93,98,6,81.34,77.43,2661,259.7,16.6,10.21,1270.0,1517.0,15.55,37.58,69.16
2017,Gilgit-Baltistan,Northern Areas,Gilgit (Tribal Territory),District,Urban,Healthcare,324214,41.15,7878.5,70.5,79.6,55.3,37117.0,21.97,7.64,136,5,66.35,60.12,6713,310.8,14.9,7.78,1080.0,2179.0,18.62,35.75,66.47
2018,Gilgit-Baltistan,Northern Areas,Gilgit (Tribal Territory),District,Semi-Urban,Construction,319764,99.23,3222.5,81.04,91.74,70.1,30445.0,16.04,9.95,112,3,83.54,73.06,1461,174.0,15.7,8.48,786.0,1813.0,35.61,33.99,68.66
2019,Gilgit-Baltistan,Northern Areas,Gilgit (Tribal Territory),District,Rural,Agriculture,339065,186.66,1816.5,68.59,73.33,52.66,34110.0,22.7,7.21,90,4,63.64,76.97,2166,338.9,16.5,18.55,1391.0,1750.0,48.15,43.72,66.61
2020,Gilgit-Baltistan,Northern Areas,Gilgit (Tribal Territory),District,Urban,Construction,330743,84.71,3904.4,72.12,76.86,52.2,34021.0,28.67,10.75,68,4,79.06,62.34,2912,359.7,10.6,15.58,1208.0,1080.0,40.61,43.73,64.35
2021,Gilgit-Baltistan,Northern Areas,Gilgit (Tribal Territory),District,Rural,Agriculture,360054,48.74,7387.9,78.86,83.12,59.01,21316.0,27.89,8.29,100,6,76.86,73.73,8313,345.0,15.5,24.15,552.0,920.0,41.03,44.09,67.42
2022,Gilgit-Baltistan,Northern Areas,Gilgit (Tribal Territory),District,Rural,Healthcare,330603,466.26,709.0,65.62,77.21,53.52,37888.0,24.05,12.73,100,7,71.02,74.48,425,335.1,8.2,25.43,1660.0,2567.0,47.46,45.27,65.77
2023,Gilgit-Baltistan,Northern Areas,Gilgit (Tribal Territory),District,Urban,Healthcare,384578,61.72,6230.7,70.44,73.09,52.72,38862.0,22.07,8.41,99,5,64.68,61.09,4347,133.3,9.1,28.47,1129.0,2139.0,15.74,42.24,67.03
2024,Gilgit-Baltistan,Northern Areas,Gilgit (Tribal Territory),District,Urban,Healthcare,338520,72.11,4694.4,80.11,82.21,65.21,41723.0,26.7,12.24,117,5,73.53,83.13,3217,183.3,12.8,25.3,1611.0,1421.0,27.28,23.33,72.69
2015,Gilgit-Baltistan,Northern Areas,Kargil,District,Urban,Services,471497,107.67,4379.1,68.32,71.58,49.76,17382.0,28.72,8.07,125,10,61.68,72.34,2972,273.2,15.9,28.73,725.0,831.0,32.9,45.86,66.89
2016,Gilgit-Baltistan,Northern Areas,Kargil,District,Rural,Services,479078,502.34,953.7,77.76,81.24,61.13,35693.0,22.42,8.65,163,7,84.38,81.19,535,202.8,16.5,1.98,1753.0,1810.0,23.89,32.3,69.4
2017,Gilgit-Baltistan,Northern Areas,Kargil,District,Semi-Urban,Construction,496761,217.84,2280.4,67.45,70.13,59.43,21259.0,33.92,7.69,111,6,61.52,64.21,2110,369.1,13.3,24.54,1051.0,1148.0,18.52,44.57,62.72
2018,Gilgit-Baltistan,Northern Areas,Kargil,District,Urban,Manufacturing,497827,64.46,7723.0,81.31,83.35,73.02,32516.0,27.15,7.32,129,7,75.61,78.2,5559,322.3,5.5,17.48,858.0,1601.0,20.04,32.19,67.8
2019,Gilgit-Baltistan,Northern Areas,Kargil,District,Rural,Education,529045,80.71,6554.5,72.74,76.16,59.42,39447.0,26.72,10.61,169,8,77.85,61.96,5421,127.5,9.7,15.04,1695.0,1253.0,29.82,37.5,63.1
2020,Gilgit-Baltistan,Northern Areas,Kargil,District,Urban,Education,497371,275.38,1806.1,74.56,85.66,56.91,24613.0,23.33,11.91,106,5,72.2,74.46,764,169.6,5.3,29.46,976.0,1610.0,10.94,34.69,67.87
2021,Gilgit-Baltistan,Northern Areas,Kargil,District,Rural,Manufacturing,526188,134.18,3921.5,69.99,79.1,58.49,25683.0,22.15,12.37,169,8,65.57,70.03,3981,324.8,13.1,33.49,661.0,1159.0,15.33,36.81,66.09
2022,Gilgit-Baltistan,Northern Areas,Kargil,District,Rural,Healthcare,539214,68.89,7827.4,80.63,83.16,70.71,37179.0,14.71,5.0,197,12,81.8,72.31,3239,258.9,15.3,23.42,1310.0,1984.0,45.8,27.82,69.76
2023,Gilgit-Baltistan,Northern Areas,Kargil,District,Semi-Urban,Education,562147,88.04,6385.0,79.61,86.8,68.99,41919.0,23.08,7.21,128,7,74.16,75.43,4063,345.6,14.8,29.0,1712.0,2458.0,18.05,38.09,69.15
2024,Gilgit-Baltistan,Northern Areas,Kargil,District,Rural,Mining,575375,164.06,3507.1,78.64,83.7,67.7,29763.0,31.74,9.33,120,7,71.33,71.24,1548,175.8,16.2,11.81,1347.0,1196.0,49.99,39.91,65.41
2015,Gilgit-Baltistan,Northern Areas,Kupwara (Gilgit Wazarat),District,Semi-Urban,Agriculture,165769,37.75,4391.2,70.35,77.32,59.84,23409.0,23.98,8.71,61,3,71.0,66.52,2026,237.8,10.6,19.56,632.0,1307.0,22.29,44.88,61.13
2016,Gilgit-Baltistan,Northern Areas,Kupwara (Gilgit Wazarat),District,Urban,Services,168914,24.77,6819.5,69.59,73.59,64.02,19206.0,29.26,8.41,47,2,74.42,77.68,3580,149.6,5.9,9.1,813.0,1167.0,18.85,44.28,68.16
2017,Gilgit-Baltistan,Northern Areas,Kupwara (Gilgit Wazarat),District,Rural,Construction,176252,35.04,5030.3,74.49,79.96,65.27,22354.0,19.0,9.98,73,1,77.79,74.18,5229,190.3,15.0,12.0,955.0,681.0,54.86,40.81,69.47
2018,Gilgit-Baltistan,Northern Areas,Kupwara (Gilgit Wazarat),District,Rural,Services,179222,23.47,7636.2,73.2,79.89,59.91,42572.0,27.73,11.17,38,3,76.73,66.42,7733,183.4,12.6,32.24,1251.0,1597.0,46.65,33.78,63.48
2019,Gilgit-Baltistan,Northern Areas,Kupwara (Gilgit Wazarat),District,Urban,Services,186034,89.79,2071.9,71.79,81.9,66.65,36505.0,25.77,9.71,55,2,70.23,72.57,1042,157.1,17.3,13.42,1196.0,2194.0,47.54,42.53,71.18
2020,Gilgit-Baltistan,Northern Areas,Kupwara (Gilgit Wazarat),District,Urban,Mining,191306,69.63,2747.3,79.9,89.89,66.38,37407.0,29.16,10.32,50,2,72.4,70.7,2967,369.3,17.9,7.88,1848.0,1428.0,51.12,41.91,68.93
2021,Gilgit-Baltistan,Northern Areas,Kupwara (Gilgit Wazarat),District,Rural,Construction,186425,97.48,1912.5,78.97,81.29,65.68,34356.0,14.33,12.28,80,2,77.85,85.02,619,148.3,6.4,23.01,892.0,2283.0,41.01,39.62,66.01
2022,Gilgit-Baltistan,Northern Areas,Kupwara (Gilgit Wazarat),District,Rural,Construction,189956,70.79,2683.3,77.79,89.69,66.93,26334.0,17.42,5.17,53,2,75.54,66.35,1959,206.7,16.8,25.35,581.0,1796.0,15.81,31.45,68.03
2023,Gilgit-Baltistan,Northern Areas,Kupwara (Gilgit Wazarat),District,Rural,Agriculture,212685,104.13,2042.6,70.07,78.92,57.53,24969.0,29.89,8.06,64,2,70.18,71.63,2434,359.8,12.6,35.0,833.0,1573.0,22.39,36.54,69.2
2024,Gilgit-Baltistan,Northern Areas,Kupwara (Gilgit Wazarat),District,Rural,Healthcare,207243,69.86,2966.7,76.69,82.16,57.91,29135.0,17.74,9.15,55,2,75.96,65.97,1684,147.8,13.4,22.03,1119.0,1818.0,47.92,33.08,67.02
2015,Gilgit-Baltistan,Northern Areas,Ladakh (Leh),District,Rural,Education,214568,35.77,5999.3,74.29,85.0,65.7,36959.0,18.94,7.26,63,2,69.61,74.52,4703,223.4,17.3,6.78,1478.0,1207.0,22.32,26.46,64.58
2016,Gilgit-Baltistan,Northern Areas,Ladakh (Leh),District,Rural,Manufacturing,220610,30.16,7315.5,82.36,88.47,65.67,38120.0,15.7,9.11,68,2,75.95,77.38,5526,313.8,11.6,21.14,1291.0,1255.0,17.42,42.8,68.62
2017,Gilgit-Baltistan,Northern Areas,Ladakh (Leh),District,Urban,Agriculture,226470,67.43,3358.7,64.39,73.87,54.48,35640.0,23.71,10.0,53,2,63.9,54.94,1257,153.7,16.9,16.53,1415.0,2086.0,31.81,43.9,62.86
2018,Gilgit-Baltistan,Northern Areas,Ladakh (Leh),District,Semi-Urban,Services,228333,88.04,2593.6,73.6,82.32,66.08,29881.0,20.47,11.63,91,2,75.35,66.11,1136,156.0,14.6,22.6,919.0,1155.0,10.5,26.61,68.92
2019,Gilgit-Baltistan,Northern Areas,Ladakh (Leh),District,Urban,Agriculture,224042,105.62,2121.2,69.52,74.6,58.66,35927.0,25.55,11.77,54,2,74.74,71.91,729,304.1,16.7,23.3,1125.0,1368.0,12.36,30.4,64.25
2020,Gilgit-Baltistan,Northern Areas,Ladakh (Leh),District,Urban,Education,232568,116.29,1999.9,72.89,75.86,53.51,43074.0,18.96,8.2,113,5,65.82,78.37,902,295.0,5.8,22.22,1077.0,2008.0,47.59,42.28,67.5
2021,Gilgit-Baltistan,Northern Areas,Ladakh (Leh),District,Urban,Services,231435,49.08,4715.4,85.76,89.49,75.41,28810.0,15.5,9.41,90,4,85.31,91.67,1465,155.2,7.8,20.26,760.0,1118.0,28.1,29.52,70.53
2022,Gilgit-Baltistan,Northern Areas,Ladakh (Leh),District,Semi-Urban,Mining,257588,49.73,5179.3,77.6,87.51,61.91,28333.0,17.95,9.04,120,2,76.0,81.31,2353,249.9,17.9,15.02,1382.0,1530.0,51.5,46.61,69.34
2023,Gilgit-Baltistan,Northern Areas,Ladakh (Leh),District,Rural,Mining,281532,50.42,5584.3,74.09,80.91,56.31,41040.0,31.14,8.24,57,3,71.66,75.68,6259,346.0,9.1,17.14,1374.0,2070.0,25.08,45.51,65.56
2024,Gilgit-Baltistan,Northern Areas,Ladakh (Leh),District,Urban,Construction,276424,47.79,5784.7,76.26,79.05,67.61,36634.0,19.51,8.91,135,6,80.02,67.3,3279,184.1,10.6,25.96,899.0,1399.0,16.19,32.78,64.98
2015,Islamabad,Islamabad,Islamabad,District,Semi-Urban,Agriculture,1030110,135.65,7594.1,90.13,98.61,70.47,161769.0,16.61,4.44,244,17,85.29,89.48,3843,1134.4,25.3,22.46,6792.0,7071.0,22.98,27.19,74.81
2016,Islamabad,Islamabad,Islamabad,District,Rural,Construction,1045711,141.65,7382.6,94.61,100.0,86.85,99384.0,14.99,4.5,210,11,95.59,84.86,2679,1235.4,25.3,26.13,2562.0,5503.0,12.91,23.5,74.54
2017,Islamabad,Islamabad,Islamabad,District,Rural,Manufacturing,1058190,890.59,1188.2,91.67,100.0,82.0,121480.0,9.06,5.26,280,11,96.48,82.64,1004,520.3,28.1,15.67,3534.0,6445.0,21.02,25.73,71.27
2018,Islamabad,Islamabad,Islamabad,District,Urban,Healthcare,1139432,163.52,6968.2,81.48,87.81,67.34,124755.0,19.79,7.67,330,11,78.72,76.81,5113,873.6,23.9,19.29,5347.0,5875.0,17.01,25.03,69.02
2019,Islamabad,Islamabad,Islamabad,District,Rural,Education,1080797,392.77,2751.7,87.21,94.02,73.78,223723.0,11.37,8.02,299,14,81.13,81.74,1987,725.3,22.0,10.63,5513.0,8409.0,25.0,13.03,75.27
2020,Islamabad,Islamabad,Islamabad,District,Rural,Agriculture,1084376,182.55,5940.1,89.01,96.89,74.4,173988.0,16.25,6.64,312,11,94.21,95.07,7087,785.8,24.9,14.47,4129.0,11707.0,28.4,27.23,70.23
2021,Islamabad,Islamabad,Islamabad,District,Semi-Urban,Manufacturing,1120116,145.88,7678.2,91.18,97.04,85.32,216785.0,18.5,8.23,259,13,87.29,91.69,3978,1021.5,23.2,2.83,4560.0,13555.0,29.08,23.23,72.62
2022,Islamabad,Islamabad,Islamabad,District,Urban,Healthcare,1230962,214.79,5731.0,88.36,98.78,69.08,210519.0,19.1,4.89,312,22,86.36,88.73,2195,678.9,26.4,15.61,8705.0,9552.0,10.56,28.58,71.77
2023,Islamabad,Islamabad,Islamabad,District,Rural,Education,1281301,1162.06,1102.6,96.09,100.0,83.09,262092.0,3.53,9.7,270,13,88.97,90.21,739,1072.7,25.0,22.66,12133.0,15491.0,36.37,20.84,68.62
2024,Islamabad,Islamabad,Islamabad,District,Urban,Agriculture,1149118,181.67,6325.2,92.15,100.0,72.35,217038.0,15.95,5.95,378,23,94.17,96.93,6302,808.2,22.3,22.21,7061.0,10130.0,10.07,17.74,71.51
2015,Khyber-Pakhtunkhwa,Bannu,Bannu,District,Urban,Manufacturing,1286617,677.88,1898.0,56.48,65.98,48.47,29645.0,29.62,12.37,535,18,58.37,50.21,1012,533.5,21.0,42.89,1395.0,1374.0,46.41,50.19,61.85
2016,Khyber-Pakhtunkhwa,Bannu,Bannu,District,Rural,Agriculture,1319645,188.18,7012.7,49.91,58.64,37.74,45301.0,29.79,13.01,528,22,50.59,47.96,3783,421.1,26.2,27.25,2204.0,2565.0,14.54,47.57,61.17
2017,Khyber-Pakhtunkhwa,Bannu,Bannu,District,Rural,Education,1364256,654.94,2083.0,56.41,64.46,40.06,26883.0,31.55,12.36,311,21,58.57,67.19,2293,382.9,24.8,23.17,1344.0,1685.0,25.14,52.26,60.17
2018,Khyber-Pakhtunkhwa,Bannu,Bannu,District,Urban,Mining,1420404,425.49,3338.3,61.21,72.08,45.33,49481.0,30.53,11.56,654,23,60.04,54.03,1370,478.5,27.8,27.77,1777.0,3367.0,16.25,44.08,62.63
2019,Khyber-Pakhtunkhwa,Bannu,Bannu,District,Urban,Healthcare,1441283,370.57,3889.4,62.0,67.22,42.87,35964.0,20.13,11.81,355,15,63.52,65.9,1326,251.6,26.9,5.25,1591.0,1547.0,38.52,37.97,66.86
2020,Khyber-Pakhtunkhwa,Bannu,Bannu,District,Rural,Services,1428258,407.93,3501.2,62.84,73.89,44.98,50332.0,23.9,5.46,372,31,62.98,72.04,2963,715.4,31.8,20.69,2082.0,3261.0,43.04,48.01,60.39
2021,Khyber-Pakhtunkhwa,Bannu,Bannu,District,Urban,Construction,1553423,264.41,5875.0,55.88,66.85,43.88,58647.0,27.1,15.6,741,22,51.6,64.15,5266,748.2,31.8,40.4,1597.0,2256.0,52.98,49.87,60.14
2022,Khyber-Pakhtunkhwa,Bannu,Bannu,District,Rural,Education,1569851,1340.91,1170.7,62.82,67.4,54.52,55482.0,26.09,7.47,475,18,58.94,71.98,480,701.3,28.7,28.34,1336.0,2851.0,31.43,45.38,67.4
2023,Khyber-Pakhtunkhwa,Bannu,Bannu,District,Rural,Education,1606392,282.4,5688.4,60.64,70.0,44.87,34069.0,35.55,8.71,348,16,66.07,63.55,5725,572.0,23.3,25.46,1669.0,1618.0,27.17,40.96,60.05
2024,Khyber-Pakhtunkhwa,Bannu,Bannu,District,Urban,Education,1482022,552.51,2682.3,48.36,53.5,41.45,42132.0,36.3,12.16,634,24,52.41,44.87,808,721.0,26.0,28.83,921.0,2167.0,27.11,55.95,57.69
2015,Khyber-Pakhtunkhwa,Bannu,Lakki Marwat,District,Rural,Services,2694738,832.31,3237.7,57.2,63.81,44.13,34229.0,31.89,11.05,667,30,59.28,60.65,3410,361.1,23.5,16.73,1198.0,1651.0,16.51,46.84,60.65
2016,Khyber-Pakhtunkhwa,Bannu,Lakki Marwat,District,Rural,Healthcare,2762205,503.12,5490.1,57.3,66.36,37.34,29528.0,21.31,11.19,627,33,60.55,54.88,2712,745.2,19.7,27.48,849.0,2027.0,31.52,50.3,62.56
2017,Khyber-Pakhtunkhwa,Bannu,Lakki Marwat,District,Urban,Services,2756911,1675.66,1645.3,53.31,63.88,36.67,52967.0,38.59,12.31,664,30,62.0,49.82,1951,617.9,30.9,30.23,2107.0,3387.0,42.73,41.66,61.57
2018,Khyber-Pakhtunkhwa,Bannu,Lakki Marwat,District,Rural,Construction,2985769,985.21,3030.6,52.05,56.0,36.61,45386.0,30.98,12.84,740,30,58.21,52.07,1174,513.9,22.0,14.5,1348.0,2798.0,48.53,40.99,64.34
2019,Khyber-Pakhtunkhwa,Bannu,Lakki Marwat,District,Urban,Education,3052389,406.48,7509.3,55.96,66.0,47.81,28962.0,26.85,10.01,1048,38,59.02,56.4,2314,491.2,30.6,20.27,1210.0,1536.0,18.8,52.62,60.99
2020,Khyber-Pakhtunkhwa,Bannu,Lakki Marwat,District,Rural,Education,3078079,1915.37,1607.0,62.68,65.21,54.99,64492.0,33.39,10.52,634,46,69.04,71.8,971,298.0,31.6,32.92,2129.0,2318.0,54.11,51.91,65.31
2021,Khyber-Pakhtunkhwa,Bannu,Lakki Marwat,District,Urban,Construction,3181536,2287.2,1391.0,51.53,60.24,31.67,38019.0,38.26,12.52,997,54,55.32,47.25,1500,622.6,28.9,27.57,1502.0,1559.0,14.03,44.96,59.02
2022,Khyber-Pakhtunkhwa,Bannu,Lakki Marwat,District,Urban,Healthcare,3232402,2308.85,1400.0,56.8,61.54,43.21,43973.0,36.2,9.05,1437,46,61.15,58.48,1167,261.5,26.0,33.35,1386.0,3078.0,43.54,49.88,63.61
2023,Khyber-Pakhtunkhwa,Bannu,Lakki Marwat,District,Rural,Mining,3349674,2327.34,1439.3,50.45,60.63,39.55,42497.0,33.11,12.02,1125,40,58.34,53.63,1064,452.7,27.8,30.71,1511.0,2269.0,45.26,48.83,60.93
2024,Khyber-Pakhtunkhwa,Bannu,Lakki Marwat,District,Rural,Manufacturing,3450327,2411.69,1430.7,61.4,71.41,48.08,64302.0,33.52,10.67,810,35,68.72,55.8,1169,549.6,20.5,28.78,2545.0,2155.0,15.54,45.07,61.78
2015,Khyber-Pakhtunkhwa,Dera Ismail Khan,Dera Ismail Khan,District,Rural,Services,1207036,840.92,1435.4,47.14,58.59,41.44,26708.0,37.84,8.33,416,12,45.0,59.61,1282,579.1,21.5,31.52,891.0,1418.0,50.71,61.21,57.24
2016,Khyber-Pakhtunkhwa,Dera Ismail Khan,Dera Ismail Khan,District,Rural,Manufacturing,1240081,157.07,7895.1,51.89,56.89,44.07,41947.0,28.38,10.14,405,17,49.85,46.09,6647,659.9,21.3,24.14,1111.0,1861.0,47.47,49.41,60.72
2017,Khyber-Pakhtunkhwa,Dera Ismail Khan,Dera Ismail Khan,District,Urban,Agriculture,1239142,1171.55,1057.7,56.91,65.85,45.53,46588.0,32.61,10.63,448,19,64.77,56.37,916,291.6,21.6,30.2,1308.0,2577.0,34.12,45.24,62.99
2018,Khyber-Pakhtunkhwa,Dera Ismail Khan,Dera Ismail Khan,District,Semi-Urban,Services,1304184,275.88,4727.3,55.08,66.73,44.4,51208.0,29.54,10.91,330,18,52.04,63.25,1948,408.2,29.0,24.33,1193.0,2659.0,21.14,51.9,60.35
2019,Khyber-Pakhtunkhwa,Dera Ismail Khan,Dera Ismail Khan,District,Semi-Urban,Agriculture,1264269,392.49,3221.1,59.51,65.3,39.98,50069.0,28.52,11.86,421,22,66.6,55.1,1475,254.9,23.3,30.6,2095.0,2116.0,14.73,46.52,61.2
2020,Khyber-Pakhtunkhwa,Dera Ismail Khan,Dera Ismail Khan,District,Urban,Education,1402913,314.05,4467.2,50.33,56.22,31.13,45986.0,39.76,16.41,342,15,53.57,54.93,4065,698.3,20.4,29.94,2008.0,2394.0,25.53,44.57,60.16
2021,Khyber-Pakhtunkhwa,Dera Ismail Khan,Dera Ismail Khan,District,Semi-Urban,Services,1458565,295.12,4942.3,58.27,69.45,49.26,44042.0,32.12,13.56,525,17,63.14,62.68,4629,321.3,25.9,16.63,1210.0,2394.0,38.76,48.7,63.66
2022,Khyber-Pakhtunkhwa,Dera Ismail Khan,Dera Ismail Khan,District,Urban,Services,1461150,185.03,7896.8,60.88,65.94,43.67,36723.0,27.85,11.72,332,20,58.93,60.31,5258,720.8,30.3,19.87,1079.0,1234.0,48.61,47.7,65.57
2023,Khyber-Pakhtunkhwa,Dera Ismail Khan,Dera Ismail Khan,District,Rural,Education,1327758,175.02,7586.5,56.88,63.12,37.44,59992.0,31.85,11.46,532,30,62.34,59.43,3207,496.4,30.2,26.05,2096.0,3444.0,32.89,51.83,61.9
2024,Khyber-Pakhtunkhwa,Dera Ismail Khan,Dera Ismail Khan,District,Rural,Healthcare,1533018,1068.17,1435.2,59.29,71.24,49.12,53544.0,29.02,8.38,750,29,65.84,50.55,1721,462.5,25.5,27.98,2589.0,3071.0,39.75,44.88,66.4
2015,Khyber-Pakhtunkhwa,Dera Ismail Khan,Tank,District,Rural,Agriculture,666737,89.18,7476.4,60.38,67.33,54.61,29393.0,29.2,12.03,155,7,56.96,58.66,4516,316.7,22.9,32.56,1187.0,1860.0,17.67,49.86,65.23
2016,Khyber-Pakhtunkhwa,Dera Ismail Khan,Tank,District,Rural,Agriculture,687585,256.99,2675.5,56.21,67.8,37.27,52993.0,34.33,10.94,199,12,50.62,60.4,3055,446.8,30.9,20.09,2479.0,3388.0,33.2,46.64,62.24
2017,Khyber-Pakhtunkhwa,Dera Ismail Khan,Tank,District,Urban,Manufacturing,682075,172.56,3952.7,50.22,54.19,38.76,25662.0,31.54,11.7,235,14,50.44,57.13,2646,451.0,18.1,32.37,1216.0,777.0,33.81,47.25,62.77
2018,Khyber-Pakhtunkhwa,Dera Ismail Khan,Tank,District,Rural,Education,726941,180.37,4030.2,55.32,61.71,40.48,34972.0,31.28,11.35,232,11,63.17,57.75,2783,384.7,31.9,29.64,1076.0,2267.0,16.29,39.97,59.09
2019,Khyber-Pakhtunkhwa,Dera Ismail Khan,Tank,District,Rural,Mining,707543,882.31,801.9,60.66,65.32,45.68,33840.0,29.04,17.42,222,8,68.11,54.77,598,349.5,24.7,44.2,1369.0,1188.0,28.95,42.69,62.99
2020,Khyber-Pakhtunkhwa,Dera Ismail Khan,Tank,District,Rural,Education,768353,219.59,3499.1,48.23,53.67,41.34,56771.0,42.87,14.98,183,9,55.79,43.63,1794,728.8,29.1,27.65,2291.0,2480.0,10.61,53.61,58.5
2021,Khyber-Pakhtunkhwa,Dera Ismail Khan,Tank,District,Rural,Education,816795,217.38,3757.5,50.4,60.07,41.66,56834.0,25.53,13.68,284,11,56.77,47.8,1963,326.2,25.2,23.21,2536.0,2156.0,48.89,39.67,60.41
2022,Khyber-Pakhtunkhwa,Dera Ismail Khan,Tank,District,Urban,Manufacturing,807058,140.15,5758.6,56.79,59.17,49.8,61393.0,31.69,10.86,230,15,66.0,60.09,3936,567.2,21.2,32.24,2363.0,2065.0,54.57,38.88,61.22
2023,Khyber-Pakhtunkhwa,Dera Ismail Khan,Tank,District,Rural,Services,729297,260.62,2798.3,53.63,58.32,44.06,46913.0,35.27,12.28,187,13,53.31,55.17,2631,504.9,27.0,29.89,1286.0,3087.0,22.63,42.85,60.72
2024,Khyber-Pakhtunkhwa,Dera Ismail Khan,Tank,District,Semi-Urban,Education,759262,139.23,5453.2,51.43,56.78,39.06,31337.0,28.33,14.77,256,13,50.49,55.85,1703,465.5,21.5,35.89,1145.0,2021.0,15.02,48.61,59.52
2015,Khyber-Pakhtunkhwa,F.A.T.A.,Adam Khel,District,Rural,Mining,1394653,219.94,6341.1,50.54,59.96,43.58,35564.0,26.85,12.15,388,22,55.24,47.16,7428,442.0,30.4,46.12,1654.0,2230.0,15.42,51.06,60.12
2016,Khyber-Pakhtunkhwa,F.A.T.A.,Adam Khel,District,Semi-Urban,Education,1415326,1141.59,1239.8,55.64,58.92,48.34,39413.0,25.68,12.01,293,18,54.6,56.78,653,630.5,25.5,23.24,1825.0,2528.0,28.82,39.51,60.66
2017,Khyber-Pakhtunkhwa,F.A.T.A.,Adam Khel,District,Rural,Education,1487269,206.23,7211.8,59.81,62.03,47.25,58566.0,28.11,9.46,444,17,67.49,52.19,8443,459.5,31.0,20.0,1680.0,3996.0,36.96,35.26,63.89
2018,Khyber-Pakhtunkhwa,F.A.T.A.,Adam Khel,District,Semi-Urban,Mining,1443408,749.27,1926.4,59.8,67.43,47.16,60230.0,28.89,10.99,324,20,61.81,61.1,1048,287.5,24.1,33.41,1537.0,2192.0,27.56,40.51,62.32
2019,Khyber-Pakhtunkhwa,F.A.T.A.,Adam Khel,District,Urban,Agriculture,1482832,209.04,7093.7,54.85,62.37,39.22,52106.0,31.27,9.43,339,22,59.98,57.12,5534,401.7,21.1,18.68,1498.0,2896.0,17.7,49.41,60.35
2020,Khyber-Pakhtunkhwa,F.A.T.A.,Adam Khel,District,Semi-Urban,Services,1644849,1098.55,1497.3,51.54,59.87,36.81,38126.0,35.51,12.82,356,38,61.09,63.6,561,355.0,19.6,25.64,1569.0,1981.0,53.75,45.05,60.63
2021,Khyber-Pakhtunkhwa,F.A.T.A.,Adam Khel,District,Rural,Healthcare,1646480,323.72,5086.1,59.33,71.05,51.68,44260.0,28.68,11.58,553,37,65.64,66.91,5087,359.6,31.5,24.34,1922.0,1516.0,34.18,44.44,62.15
2022,Khyber-Pakhtunkhwa,F.A.T.A.,Adam Khel,District,Urban,Manufacturing,1699505,314.51,5403.7,53.6,63.68,39.88,44550.0,29.63,9.94,368,21,56.51,61.9,3790,360.3,21.8,16.86,1866.0,2110.0,43.88,52.5,56.61
2023,Khyber-Pakhtunkhwa,F.A.T.A.,Adam Khel,District,Rural,Healthcare,1555143,368.54,4219.7,52.74,57.84,43.51,49820.0,35.69,11.8,460,17,50.1,56.22,2762,721.7,20.5,13.16,1905.0,1633.0,49.84,51.63,62.44
2024,Khyber-Pakhtunkhwa,F.A.T.A.,Adam Khel,District,Urban,Healthcare,1549968,211.79,7318.5,58.42,60.62,47.75,41555.0,26.01,10.72,315,33,60.48,64.19,7665,654.0,26.4,20.7,1996.0,1466.0,47.2,42.43,62.34
2015,Khyber-Pakhtunkhwa,F.A.T.A.,Bhittani,District,Semi-Urban,Construction,2500696,500.41,4997.3,52.09,55.48,45.81,54035.0,33.46,11.0,571,61,58.75,55.12,5166,659.1,29.9,19.69,1579.0,2656.0,44.19,46.75,61.16
2016,Khyber-Pakhtunkhwa,F.A.T.A.,Bhittani,District,Semi-Urban,Manufacturing,2540945,1013.97,2505.9,60.97,62.99,49.74,42635.0,27.25,13.3,699,61,55.54,62.72,1715,301.3,30.4,13.8,1041.0,2397.0,20.09,41.51,62.63
2017,Khyber-Pakhtunkhwa,F.A.T.A.,Bhittani,District,Rural,Agriculture,2579565,761.93,3385.6,60.71,66.28,41.37,55302.0,31.57,10.52,554,28,56.32,54.99,2114,305.1,19.4,21.49,2640.0,1847.0,37.71,48.75,60.37
2018,Khyber-Pakhtunkhwa,F.A.T.A.,Bhittani,District,Urban,Construction,2584771,695.82,3714.7,56.69,67.44,47.38,31509.0,27.32,10.45,860,50,57.4,66.05,3326,593.6,26.7,36.78,1512.0,1967.0,22.2,44.6,61.33
2019,Khyber-Pakhtunkhwa,F.A.T.A.,Bhittani,District,Urban,Mining,2790397,5404.18,516.3,60.49,67.28,43.71,29763.0,24.27,14.17,581,57,64.28,57.83,353,445.3,28.1,32.43,1244.0,1065.0,13.03,49.16,62.22
2020,Khyber-Pakhtunkhwa,F.A.T.A.,Bhittani,District,Urban,Construction,2735033,437.15,6256.5,63.05,74.49,55.98,32554.0,27.89,10.04,894,39,63.97,73.05,4234,550.9,26.9,31.19,1137.0,1672.0,51.47,36.62,66.21
2021,Khyber-Pakhtunkhwa,F.A.T.A.,Bhittani,District,Urban,Agriculture,2871500,848.38,3384.7,49.42,51.45,40.89,60043.0,37.65,10.61,767,43,53.15,55.88,2119,624.1,27.8,28.67,2055.0,2122.0,54.73,48.09,58.25
2022,Khyber-Pakhtunkhwa,F.A.T.A.,Bhittani,District,Rural,Manufacturing,2732677,852.25,3206.4,51.49,57.7,32.52,65384.0,34.07,12.8,600,31,48.43,52.98,1123,667.6,25.7,27.69,1578.0,4478.0,19.48,52.42,58.83
2023,Khyber-Pakhtunkhwa,F.A.T.A.,Bhittani,District,Rural,Agriculture,3109213,4457.0,697.6,57.9,60.2,39.84,45703.0,35.03,8.43,635,49,62.63,62.47,363,286.9,29.7,28.1,931.0,2890.0,26.44,39.77,59.42
2024,Khyber-Pakhtunkhwa,F.A.T.A.,Bhittani,District,Urban,Agriculture,2999454,745.53,4023.2,59.51,61.64,44.83,63273.0,29.7,12.29,1239,41,67.79,59.98,4397,611.3,24.2,38.27,1326.0,3799.0,15.01,43.09,59.51
2015,Khyber-Pakhtunkhwa,Hazara,Abbottabad,District,Rural,Mining,1828304,326.53,5599.3,55.51,59.08,44.15,50646.0,32.95,7.76,395,24,62.4,65.57,3582,500.9,27.9,20.67,2458.0,3025.0,53.79,46.37,62.73
2016,Khyber-Pakhtunkhwa,Hazara,Abbottabad,District,Rural,Agriculture,1864888,541.77,3442.2,57.89,63.94,43.1,26566.0,30.04,14.24,417,18,61.18,50.75,3521,596.2,24.7,30.03,1047.0,1004.0,27.12,42.56,64.5
2017,Khyber-Pakhtunkhwa,Hazara,Abbottabad,District,Rural,Education,1875074,373.23,5023.9,52.83,57.93,36.49,28103.0,37.59,14.5,413,44,51.78,55.74,5708,282.7,26.4,34.55,765.0,939.0,34.83,50.45,61.61
2018,Khyber-Pakhtunkhwa,Hazara,Abbottabad,District,Rural,Construction,1964582,248.72,7898.7,54.58,61.58,35.2,27795.0,30.43,10.43,569,45,50.52,52.56,7528,740.3,28.5,43.69,1368.0,1615.0,24.15,43.54,63.96
2019,Khyber-Pakhtunkhwa,Hazara,Abbottabad,District,Rural,Construction,1920950,316.94,6060.9,58.53,63.43,40.75,41681.0,27.79,8.32,834,21,54.93,61.49,2247,441.1,26.2,28.34,1616.0,2839.0,16.82,49.93,60.87
2020,Khyber-Pakhtunkhwa,Hazara,Abbottabad,District,Rural,Manufacturing,1977272,352.4,5610.9,51.58,61.27,38.73,35822.0,23.86,11.96,816,23,61.32,53.87,3395,746.1,26.5,36.96,1104.0,2301.0,30.14,43.98,62.17
2021,Khyber-Pakhtunkhwa,Hazara,Abbottabad,District,Rural,Healthcare,2068341,327.98,6306.3,55.09,65.13,42.62,62690.0,31.11,13.41,653,39,58.73,48.32,3648,326.2,26.8,31.67,2885.0,3880.0,16.42,41.05,61.87
2022,Khyber-Pakhtunkhwa,Hazara,Abbottabad,District,Semi-Urban,Services,2285181,584.29,3911.1,64.39,71.0,48.73,49152.0,30.44,6.84,910,39,58.98,66.26,3859,426.7,19.0,31.16,1635.0,3292.0,54.38,38.51,64.71
2023,Khyber-Pakhtunkhwa,Hazara,Abbottabad,District,Semi-Urban,Agriculture,2379676,571.77,4161.9,55.45,63.7,42.77,69791.0,29.18,12.21,770,41,56.04,59.53,3803,590.3,24.2,37.66,2455.0,2827.0,24.11,43.74,56.86
2024,Khyber-Pakhtunkhwa,Hazara,Abbottabad,District,Rural,Agriculture,2425174,470.49,5154.6,61.87,65.45,52.51,59813.0,27.59,11.01,616,28,59.35,69.01,2581,254.0,29.9,24.1,2765.0,3395.0,27.97,41.24,64.28
2015,Khyber-Pakhtunkhwa,Hazara,Battagram,District,Urban,Mining,1439323,216.86,6637.2,56.58,59.22,45.55,41124.0,28.37,15.71,618,28,52.54,67.28,4896,448.5,24.1,31.93,1689.0,2017.0,25.41,43.15,60.75
2016,Khyber-Pakhtunkhwa,Hazara,Battagram,District,Rural,Construction,1463733,877.51,1668.1,57.55,63.17,38.5,25982.0,23.72,12.07,429,18,56.6,49.54,820,550.5,23.3,34.02,684.0,803.0,29.35,48.41,62.1
2017,Khyber-Pakhtunkhwa,Hazara,Battagram,District,Rural,Manufacturing,1523911,637.48,2390.5,55.05,59.19,43.75,39819.0,35.55,10.28,602,31,53.65,48.42,2504,686.9,24.3,30.89,907.0,2631.0,50.19,48.53,57.73
2018,Khyber-Pakhtunkhwa,Hazara,Battagram,District,Rural,Agriculture,1520918,877.12,1734.0,49.45,58.38,39.13,52562.0,36.66,14.97,499,23,51.64,55.81,1395,330.3,27.8,18.25,2461.0,1994.0,27.51,50.72,60.08
2019,Khyber-Pakhtunkhwa,Hazara,Battagram,District,Urban,Services,1607850,1014.65,1584.6,58.44,69.78,39.99,47847.0,26.58,13.88,402,17,63.61,66.18,637,616.6,18.2,39.75,2349.0,2213.0,32.48,60.7,60.29
2020,Khyber-Pakhtunkhwa,Hazara,Battagram,District,Rural,Manufacturing,1612772,415.75,3879.2,48.94,55.14,29.25,27959.0,35.89,11.06,358,33,50.78,60.99,3261,298.7,21.1,34.48,740.0,1073.0,34.57,50.0,58.03
2021,Khyber-Pakhtunkhwa,Hazara,Battagram,District,Rural,Services,1571762,205.1,7663.3,47.95,59.94,35.47,54626.0,34.14,8.25,505,25,47.69,46.9,4728,659.5,19.7,36.83,1981.0,2782.0,28.63,40.9,59.44
2022,Khyber-Pakhtunkhwa,Hazara,Battagram,District,Rural,Mining,1759710,967.62,1818.6,56.65,63.03,41.32,33979.0,29.49,12.53,535,34,59.91,59.01,2080,440.8,29.8,25.48,1603.0,1154.0,22.75,46.16,61.45
2023,Khyber-Pakhtunkhwa,Hazara,Battagram,District,Rural,Education,1585828,1352.77,1172.3,52.88,59.92,38.38,64341.0,33.43,11.75,773,16,49.15,59.95,657,561.9,25.6,32.63,2099.0,2504.0,46.26,41.44,62.05
2024,Khyber-Pakhtunkhwa,Hazara,Battagram,District,Urban,Services,1740964,885.22,1966.7,53.8,63.21,38.24,47226.0,32.59,10.19,510,36,62.93,64.01,1974,456.5,29.5,23.6,1664.0,1922.0,10.34,55.6,61.2
2015,Khyber-Pakhtunkhwa,Hazara,Haripur,District,Rural,Services,2219878,303.26,7320.0,49.08,56.26,31.46,52886.0,36.26,11.93,552,55,57.8,42.37,4403,263.1,29.1,25.74,2579.0,3687.0,43.36,48.15,61.11
2016,Khyber-Pakhtunkhwa,Hazara,Haripur,District,Urban,Mining,2255497,1159.67,1945.0,54.09,57.83,34.43,56806.0,30.74,14.96,573,25,60.71,57.54,860,314.4,26.9,43.11,1530.0,3318.0,50.69,41.37,58.98
2017,Khyber-Pakhtunkhwa,Hazara,Haripur,District,Rural,Healthcare,2278681,472.07,4827.0,50.89,53.15,44.5,29480.0,33.51,15.11,717,26,59.55,60.01,4025,329.5,22.5,36.06,614.0,1719.0,10.52,53.77,57.44
2018,Khyber-Pakhtunkhwa,Hazara,Haripur,District,Rural,Manufacturing,2447083,726.56,3368.0,63.3,68.27,44.84,28980.0,27.9,8.74,578,51,63.78,66.44,3212,429.1,21.4,15.44,1281.0,1308.0,34.09,46.39,63.93
2019,Khyber-Pakhtunkhwa,Hazara,Haripur,District,Urban,Manufacturing,2370168,2112.03,1122.2,47.52,50.94,40.68,28876.0,37.44,14.11,974,57,57.54,57.73,430,305.5,31.0,27.67,1006.0,1284.0,21.79,54.99,64.89
2020,Khyber-Pakhtunkhwa,Hazara,Haripur,District,Urban,Manufacturing,2585435,618.11,4182.8,62.85,73.93,53.15,42320.0,22.04,11.19,1251,58,70.95,54.95,2379,593.7,23.3,20.54,1994.0,2386.0,46.38,42.91,65.27
2021,Khyber-Pakhtunkhwa,Hazara,Haripur,District,Rural,Mining,2586159,1875.31,1379.1,63.71,66.93,54.89,61319.0,29.94,12.55,853,42,72.26,66.15,442,252.5,25.3,22.62,2168.0,2213.0,37.27,45.52,64.67
2022,Khyber-Pakhtunkhwa,Hazara,Haripur,District,Rural,Services,2761341,1298.12,2127.2,54.82,60.3,35.52,34035.0,29.52,13.05,925,51,60.25,65.39,1532,383.8,24.7,37.09,1507.0,1615.0,34.82,42.54,60.29
2023,Khyber-Pakhtunkhwa,Hazara,Haripur,District,Urban,Education,2892985,1217.74,2375.7,49.51,53.17,35.7,67791.0,34.66,11.16,1115,31,55.32,61.32,1755,301.4,29.1,31.1,3151.0,3183.0,19.26,48.48,55.84
2024,Khyber-Pakhtunkhwa,Hazara,Haripur,District,Urban,Mining,2863124,553.6,5171.8,56.15,58.49,48.64,65380.0,30.48,10.57,749,43,59.04,55.21,3459,566.3,18.9,39.31,2492.0,4256.0,33.01,44.49,61.94
2015,Khyber-Pakhtunkhwa,Hazara,Kohistan,District,Urban,Education,2954952,2172.96,1359.9,60.56,65.7,53.38,36746.0,28.82,12.66,667,44,57.29,56.38,421,357.6,23.2,26.42,1097.0,1786.0,10.43,49.36,62.39
2016,Khyber-Pakhtunkhwa,Hazara,Kohistan,District,Rural,Education,3043248,645.81,4712.3,55.24,65.83,36.98,54343.0,34.05,12.59,964,39,57.62,49.01,3202,389.0,26.5,26.51,2320.0,2321.0,13.37,42.3,59.13
2017,Khyber-Pakhtunkhwa,Hazara,Kohistan,District,Urban,Education,3062305,469.65,6520.4,57.78,65.54,47.03,32154.0,28.75,10.96,875,30,58.32,51.59,6552,335.6,22.6,27.47,1198.0,971.0,22.83,37.83,60.78
2018,Khyber-Pakhtunkhwa,Hazara,Kohistan,District,Rural,Services,3150083,406.39,7751.4,61.26,67.41,43.81,30808.0,27.4,12.98,1492,43,63.05,58.82,7583,258.1,24.6,24.0,986.0,1610.0,23.54,39.86,61.19
2019,Khyber-Pakhtunkhwa,Hazara,Kohistan,District,Urban,Agriculture,3171395,919.26,3450.0,63.39,65.69,49.12,49066.0,22.18,13.92,775,47,69.78,73.23,1465,310.7,23.2,21.66,2444.0,3163.0,12.15,40.75,60.24
2020,Khyber-Pakhtunkhwa,Hazara,Kohistan,District,Rural,Agriculture,3394224,2925.74,1160.1,50.21,61.04,44.42,36219.0,28.17,12.22,813,38,57.43,53.43,1336,252.5,27.6,24.83,806.0,1564.0,11.94,58.3,62.06
2021,Khyber-Pakhtunkhwa,Hazara,Kohistan,District,Urban,Construction,3433237,1360.05,2524.3,52.72,64.38,34.41,59702.0,40.26,11.24,1367,71,54.36,47.34,2275,680.9,28.5,28.93,2129.0,2365.0,28.6,53.72,63.36
2022,Khyber-Pakhtunkhwa,Hazara,Kohistan,District,Rural,Healthcare,3439953,1321.0,2604.1,57.57,61.99,40.04,48805.0,31.05,11.38,796,49,53.19,64.26,1263,605.7,22.9,5.27,1090.0,3361.0,39.12,46.74,63.24
2023,Khyber-Pakhtunkhwa,Hazara,Kohistan,District,Rural,Construction,3238175,1526.71,2121.0,59.11,68.71,41.23,30935.0,31.69,8.05,726,63,54.76,54.41,1887,545.3,25.4,5.31,1405.0,1059.0,24.03,46.48,62.54
2024,Khyber-Pakhtunkhwa,Hazara,Kohistan,District,Semi-Urban,Agriculture,3326639,980.78,3391.8,53.77,65.29,38.48,69589.0,32.98,7.23,990,43,51.44,53.71,1467,284.3,23.9,39.05,3221.0,4162.0,35.98,46.49,61.77
2015,Khyber-Pakhtunkhwa,Hazara,Mansehra,District,Semi-Urban,Agriculture,1166217,1632.45,714.4,50.75,57.77,43.49,29985.0,34.96,11.95,292,17,49.66,61.68,498,292.0,24.0,33.54,932.0,958.0,32.86,48.21,56.55
2016,Khyber-Pakhtunkhwa,Hazara,Mansehra,District,Urban,Agriculture,1189031,608.36,1954.5,49.64,54.13,43.9,55308.0,32.76,11.25,462,23,48.82,54.35,679,509.3,19.5,24.37,1165.0,2248.0,15.0,49.45,62.91
2017,Khyber-Pakhtunkhwa,Hazara,Mansehra,District,Urban,Services,1193539,542.89,2198.5,52.38,56.44,43.36,28892.0,29.95,11.41,309,14,53.02,46.55,1919,617.0,30.3,32.98,1190.0,1200.0,45.36,48.53,61.33
2018,Khyber-Pakhtunkhwa,Hazara,Mansehra,District,Rural,Agriculture,1201831,164.45,7308.4,54.71,60.03,47.21,32697.0,36.55,9.59,310,14,62.02,60.26,6573,335.1,27.5,35.98,1074.0,1008.0,30.48,46.69,59.2
2019,Khyber-Pakhtunkhwa,Hazara,Mansehra,District,Rural,Education,1334950,749.79,1780.4,53.52,55.97,41.43,58752.0,32.99,12.44,311,32,53.45,54.97,2121,250.5,30.2,30.7,2647.0,2997.0,10.78,54.31,56.2
2020,Khyber-Pakhtunkhwa,Hazara,Mansehra,District,Semi-Urban,Services,1251296,1039.0,1204.3,60.47,66.11,48.17,33260.0,28.75,10.34,429,14,61.21,66.09,687,744.9,21.6,31.69,998.0,1687.0,10.61,47.11,63.5
2021,Khyber-Pakhtunkhwa,Hazara,Mansehra,District,Rural,Agriculture,1365158,199.94,6827.7,41.36,53.3,33.06,61714.0,41.6,13.35,395,24,45.02,47.95,3549,324.0,23.7,24.73,2606.0,4254.0,26.07,50.26,55.47
2022,Khyber-Pakhtunkhwa,Hazara,Mansehra,District,Urban,Services,1330317,680.88,1953.8,52.83,64.41,41.09,58812.0,34.18,11.31,273,16,62.03,62.45,2186,589.4,30.6,19.48,1792.0,2543.0,33.71,39.78,61.0
2023,Khyber-Pakhtunkhwa,Hazara,Mansehra,District,Urban,Agriculture,1417916,551.32,2571.9,55.92,65.84,42.42,68720.0,29.89,13.0,551,18,60.85,64.21,3015,311.5,29.1,12.76,2403.0,3946.0,25.61,46.68,62.89
2024,Khyber-Pakhtunkhwa,Hazara,Mansehra,District,Rural,Agriculture,1414259,182.48,7750.0,55.9,60.73,50.29,37587.0,25.48,13.59,365,17,54.87,53.28,5731,649.9,18.2,34.87,757.0,1657.0,36.69,56.4,66.33
2015,Khyber-Pakhtunkhwa,Kohat,Hangu,District,Rural,Agriculture,2661957,375.43,7090.4,53.97,63.3,46.83,28407.0,37.73,8.86,611,37,62.95,57.09,3982,726.8,28.0,32.57,596.0,1912.0,29.44,56.96,62.03
2016,Khyber-Pakhtunkhwa,Kohat,Hangu,District,Rural,Manufacturing,2705129,796.37,3396.8,60.83,71.59,49.3,47083.0,27.14,10.12,846,28,68.15,70.11,3108,548.5,20.4,16.62,1223.0,1668.0,46.2,39.24,59.43
2017,Khyber-Pakhtunkhwa,Kohat,Hangu,District,Urban,Education,2790485,2443.54,1142.0,62.07,68.49,54.99,35682.0,28.65,7.11,754,35,64.05,60.28,1074,688.0,24.1,32.31,1215.0,1681.0,24.1,39.81,65.02
2018,Khyber-Pakhtunkhwa,Kohat,Hangu,District,Semi-Urban,Mining,2829151,3998.53,707.5,46.61,53.74,37.98,40571.0,36.82,6.53,769,29,48.27,54.74,785,557.6,22.2,36.09,1880.0,1304.0,15.73,52.39,59.93
2019,Khyber-Pakhtunkhwa,Kohat,Hangu,District,Urban,Healthcare,3009198,544.59,5525.6,56.65,59.72,36.86,31548.0,27.31,11.8,888,35,58.75,64.93,3102,292.3,21.8,35.62,1087.0,1365.0,36.75,41.83,64.84
2020,Khyber-Pakhtunkhwa,Kohat,Hangu,District,Semi-Urban,Services,2818881,507.17,5558.1,44.69,53.45,36.34,55292.0,34.04,11.77,668,65,43.3,40.87,4810,620.2,24.9,36.49,2299.0,3730.0,48.35,49.43,55.92
2021,Khyber-Pakhtunkhwa,Kohat,Hangu,District,Rural,Agriculture,3181116,1586.39,2005.2,56.1,63.16,50.73,52487.0,33.92,11.97,1445,64,63.69,58.08,1142,373.6,19.5,11.6,1811.0,1961.0,27.58,40.73,63.69
2022,Khyber-Pakhtunkhwa,Kohat,Hangu,District,Urban,Mining,2972196,1212.13,2452.0,48.93,58.38,41.81,62880.0,30.65,11.91,774,44,53.91,44.06,2372,323.1,18.3,14.47,2289.0,3084.0,20.83,45.61,58.51
2023,Khyber-Pakhtunkhwa,Kohat,Hangu,District,Rural,Mining,3052289,396.75,7693.2,56.86,59.14,45.49,57462.0,33.03,15.5,877,38,57.04,62.28,5004,303.7,23.8,15.16,2150.0,1802.0,30.57,51.68,64.0
2024,Khyber-Pakhtunkhwa,Kohat,Hangu,District,Semi-Urban,Manufacturing,3361396,876.83,3833.6,58.91,65.92,51.54,58754.0,28.1,11.4,711,54,55.11,67.72,2353,479.2,18.1,21.17,2420.0,2681.0,48.75,40.53,64.04
2015,Khyber-Pakhtunkhwa,Kohat,Karak,District,Urban,Construction,718169,121.85,5894.1,46.58,57.74,35.67,35260.0,35.88,14.76,237,8,53.72,45.16,6874,631.3,22.2,19.15,1346.0,1312.0,39.03,46.78,59.23
2016,Khyber-Pakhtunkhwa,Kohat,Karak,District,Rural,Manufacturing,738071,135.63,5441.8,50.67,52.97,44.66,41430.0,31.94,15.23,265,9,54.44,54.69,2105,542.2,29.6,23.98,961.0,2791.0,42.98,46.67,57.72
2017,Khyber-Pakhtunkhwa,Kohat,Karak,District,Rural,Mining,749984,95.42,7860.0,51.65,57.85,35.31,51260.0,37.1,11.44,169,8,50.03,61.9,4129,337.0,30.5,25.62,1083.0,3075.0,12.9,49.23,57.0
2018,Khyber-Pakhtunkhwa,Kohat,Karak,District,Rural,Education,764456,146.04,5234.7,55.71,59.67,42.36,39314.0,32.57,14.22,366,15,51.75,56.34,2918,316.6,26.9,19.35,1024.0,1434.0,32.1,44.59,61.37
2019,Khyber-Pakhtunkhwa,Kohat,Karak,District,Semi-Urban,Agriculture,809392,416.74,1942.2,55.5,61.58,45.11,56138.0,31.82,13.89,216,10,59.98,51.25,1178,655.0,30.5,19.19,2272.0,3835.0,34.6,42.89,63.72
2020,Khyber-Pakhtunkhwa,Kohat,Karak,District,Semi-Urban,Healthcare,825333,428.52,1926.0,53.67,60.06,36.65,47415.0,26.01,13.5,314,9,55.82,52.75,700,699.9,29.9,37.3,1059.0,2906.0,38.15,53.22,64.31
2021,Khyber-Pakhtunkhwa,Kohat,Karak,District,Rural,Services,796745,357.4,2229.3,58.77,61.44,43.22,33163.0,28.04,7.8,209,13,56.25,68.76,818,711.1,21.5,30.52,1236.0,2127.0,49.22,34.42,61.99
2022,Khyber-Pakhtunkhwa,Kohat,Karak,District,Urban,Services,903228,258.5,3494.1,57.65,63.03,52.2,49197.0,35.0,11.88,416,11,53.55,58.42,3840,708.7,21.7,45.17,1072.0,1878.0,21.74,35.58,62.13
2023,Khyber-Pakhtunkhwa,Kohat,Karak,District,Urban,Agriculture,912720,147.69,6180.1,47.02,57.09,29.49,43764.0,36.68,11.8,192,20,49.72,56.08,7137,531.9,26.5,17.81,1661.0,2385.0,25.56,53.81,60.54
2024,Khyber-Pakhtunkhwa,Kohat,Karak,District,Rural,Agriculture,799665,105.23,7599.5,60.85,71.35,51.3,54338.0,31.9,10.1,284,18,55.3,61.87,8649,575.2,24.0,27.94,1130.0,3329.0,53.72,48.67,64.15
2015,Khyber-Pakhtunkhwa,Kohat,Kohat,District,Rural,Mining,1054359,187.38,5627.0,51.02,54.17,37.77,36140.0,42.88,10.85,513,15,51.72,50.91,6663,312.6,27.8,29.85,1121.0,1364.0,15.31,46.03,60.75
2016,Khyber-Pakhtunkhwa,Kohat,Kohat,District,Urban,Healthcare,1076408,480.49,2240.3,56.38,58.53,36.52,26629.0,24.58,12.17,285,20,61.96,65.69,786,646.6,26.0,21.27,578.0,1266.0,42.39,43.67,62.79
2017,Khyber-Pakhtunkhwa,Kohat,Kohat,District,Rural,Education,1090651,217.34,5018.1,42.94,54.33,36.8,36126.0,46.7,13.3,233,10,40.59,44.46,4825,578.8,27.2,26.61,1109.0,2406.0,19.26,55.02,58.23
2018,Khyber-Pakhtunkhwa,Kohat,Kohat,District,Rural,Education,1104173,146.04,7560.7,53.17,55.71,40.62,51162.0,30.95,12.83,254,19,57.66,55.73,8736,383.8,27.8,27.54,1769.0,1695.0,50.52,53.71,61.69
2019,Khyber-Pakhtunkhwa,Kohat,Kohat,District,Semi-Urban,Agriculture,1199652,272.19,4407.5,57.22,63.62,48.7,57317.0,29.26,12.96,411,16,53.34,63.14,1406,644.0,18.5,16.25,2584.0,2339.0,44.39,41.16,60.24
2020,Khyber-Pakhtunkhwa,Kohat,Kohat,District,Semi-Urban,Mining,1191200,153.94,7738.2,59.82,65.61,51.45,38967.0,32.14,13.68,546,13,59.59,51.22,2685,441.3,24.2,36.64,1136.0,2013.0,39.7,45.87,61.2
2021,Khyber-Pakhtunkhwa,Kohat,Kohat,District,Rural,Construction,1178294,232.61,5065.5,55.77,66.07,45.66,29650.0,35.5,11.19,251,12,63.81,63.61,5087,545.5,28.6,24.61,1419.0,1782.0,29.53,49.24,63.48
2022,Khyber-Pakhtunkhwa,Kohat,Kohat,District,Rural,Construction,1298359,169.86,7643.6,56.28,60.88,39.74,51292.0,29.32,12.93,270,22,65.51,58.53,7422,461.9,28.1,27.04,2449.0,1809.0,53.21,39.28,63.97
2023,Khyber-Pakhtunkhwa,Kohat,Kohat,District,Urban,Healthcare,1145156,150.04,7632.3,55.45,64.04,45.02,62815.0,23.4,14.19,507,20,58.04,53.88,7589,447.3,26.6,19.13,1280.0,2656.0,45.21,53.01,63.53
2024,Khyber-Pakhtunkhwa,Kohat,Kohat,District,Semi-Urban,Agriculture,1334421,194.61,6856.9,53.79,59.88,40.44,66220.0,31.61,10.98,400,32,48.55,46.46,3763,429.4,26.9,29.35,2537.0,2818.0,36.08,52.73,61.67
2015,Khyber-Pakhtunkhwa,Malakand,Chitral,District,Rural,Healthcare,721389,280.58,2571.1,45.09,47.48,38.38,48511.0,28.53,12.94,156,15,50.04,41.27,1790,559.0,18.7,27.47,1432.0,2529.0,40.8,50.18,59.92
2016,Khyber-Pakhtunkhwa,Malakand,Chitral,District,Urban,Agriculture,732713,92.28,7939.8,55.95,59.05,47.43,56088.0,25.71,10.98,148,17,63.03,64.55,6033,520.2,18.6,37.05,1521.0,2414.0,32.81,49.41,57.74
2017,Khyber-Pakhtunkhwa,Malakand,Chitral,District,Urban,Services,749479,207.05,3619.8,57.2,65.72,46.08,53391.0,37.38,10.29,190,8,53.63,55.15,3112,644.1,22.7,23.14,1325.0,1697.0,31.18,51.43,62.75
2018,Khyber-Pakhtunkhwa,Malakand,Chitral,District,Urban,Agriculture,795784,1150.78,691.5,55.68,59.83,45.52,58111.0,29.79,10.36,207,8,57.77,62.94,616,504.1,26.1,35.67,1424.0,3516.0,47.38,52.07,58.29
2019,Khyber-Pakhtunkhwa,Malakand,Chitral,District,Urban,Mining,800108,104.05,7689.7,61.54,72.33,54.72,61414.0,36.63,12.53,160,10,70.36,64.92,5575,617.0,25.5,34.69,2195.0,2926.0,45.92,40.17,61.15
2020,Khyber-Pakhtunkhwa,Malakand,Chitral,District,Rural,Construction,783784,290.51,2698.0,57.92,62.33,51.18,58836.0,27.82,8.92,286,14,63.64,56.47,1688,477.9,28.5,30.56,1798.0,2955.0,42.98,54.59,64.86
2021,Khyber-Pakhtunkhwa,Malakand,Chitral,District,Semi-Urban,Manufacturing,875856,173.81,5039.1,60.63,66.71,43.98,53621.0,31.74,10.01,261,13,63.11,68.07,4258,312.6,25.5,31.8,2353.0,2341.0,36.31,36.65,65.3
2022,Khyber-Pakhtunkhwa,Malakand,Chitral,District,Rural,Education,789374,184.1,4287.7,57.19,63.38,49.69,45594.0,29.56,12.32,322,11,64.7,52.58,4875,340.0,24.4,20.58,1928.0,1598.0,44.45,43.01,60.85
2023,Khyber-Pakhtunkhwa,Malakand,Chitral,District,Urban,Agriculture,786447,138.57,5675.3,59.3,66.87,48.27,47891.0,28.04,12.83,158,16,66.38,68.78,3422,702.1,23.0,26.29,2143.0,2082.0,42.04,46.4,60.88
2024,Khyber-Pakhtunkhwa,Malakand,Chitral,District,Rural,Education,902649,152.57,5916.3,59.96,69.54,48.42,35814.0,26.49,13.94,406,9,68.21,69.18,2751,565.4,28.4,30.33,1539.0,2387.0,41.51,41.49,59.27
2015,Khyber-Pakhtunkhwa,Malakand,Dir,District,Semi-Urban,Services,2920286,589.76,4951.6,49.21,52.18,30.03,52659.0,29.99,8.91,939,36,49.98,50.6,1700,504.3,26.2,33.62,1871.0,2686.0,23.38,49.41,60.52
2016,Khyber-Pakhtunkhwa,Malakand,Dir,District,Urban,Mining,2986593,1131.53,2639.4,55.87,62.17,39.9,55308.0,29.1,11.31,947,34,64.58,48.33,1538,722.5,30.4,31.57,1682.0,2026.0,22.52,47.23,62.52
2017,Khyber-Pakhtunkhwa,Malakand,Dir,District,Urban,Mining,3021584,1387.8,2177.3,51.85,54.81,42.68,41982.0,30.33,11.46,1204,31,50.56,56.2,2132,303.1,21.2,21.96,874.0,2775.0,34.85,46.8,61.24
2018,Khyber-Pakhtunkhwa,Malakand,Dir,District,Rural,Services,3228363,497.25,6492.4,49.48,56.69,33.5,45102.0,37.43,14.75,1598,35,44.92,46.12,7311,720.9,26.0,20.12,1871.0,3011.0,47.4,60.17,60.68
2019,Khyber-Pakhtunkhwa,Malakand,Dir,District,Semi-Urban,Manufacturing,3075109,732.27,4199.4,48.66,52.89,32.5,59026.0,38.73,12.03,1360,63,47.97,54.74,3176,734.2,29.3,26.13,1669.0,3260.0,13.35,51.64,61.49
2020,Khyber-Pakhtunkhwa,Malakand,Dir,District,Rural,Agriculture,3269066,563.53,5801.1,61.45,70.06,43.83,56648.0,34.07,8.67,1110,34,61.81,70.88,6695,647.1,22.4,31.77,2199.0,2257.0,49.49,42.22,63.71
2021,Khyber-Pakhtunkhwa,Malakand,Dir,District,Rural,Education,3379873,1570.89,2151.6,55.31,58.19,40.78,61980.0,35.41,9.39,1306,49,57.04,50.75,2096,498.4,19.8,43.44,1246.0,2026.0,33.23,37.71,60.4
2022,Khyber-Pakhtunkhwa,Malakand,Dir,District,Semi-Urban,Manufacturing,3446332,1877.23,1835.9,57.46,61.26,42.61,37725.0,30.81,9.48,1058,61,57.42,60.52,1996,568.9,24.8,33.83,1510.0,1871.0,23.5,44.89,61.76
2023,Khyber-Pakhtunkhwa,Malakand,Dir,District,Rural,Manufacturing,3578985,782.19,4575.6,64.17,68.64,52.46,54637.0,31.27,12.33,1240,67,72.19,72.48,3286,632.0,23.9,16.6,1615.0,1887.0,29.12,41.1,63.65
2024,Khyber-Pakhtunkhwa,Malakand,Dir,District,Urban,Agriculture,3725405,591.09,6302.6,58.99,69.89,46.38,60743.0,29.28,12.5,1079,42,60.43,58.38,5080,367.4,22.1,16.67,1804.0,3462.0,45.23,52.75,59.48
2015,Khyber-Pakhtunkhwa,Malakand,Malakand P.A.,District,Urban,Healthcare,1596297,650.16,2455.2,57.96,68.72,49.64,37606.0,28.74,12.91,737,23,55.45,61.99,2118,272.8,24.3,16.98,1822.0,2051.0,34.12,52.49,62.42
2016,Khyber-Pakhtunkhwa,Malakand,Malakand P.A.,District,Urban,Services,1625416,2502.95,649.4,51.87,60.42,38.57,44660.0,30.67,11.24,390,18,48.03,58.18,507,706.1,28.7,25.26,2213.0,2837.0,33.34,46.64,62.89
2017,Khyber-Pakhtunkhwa,Malakand,Malakand P.A.,District,Semi-Urban,Mining,1660423,620.39,2676.4,48.92,58.47,31.23,49831.0,42.82,10.98,668,26,50.22,52.64,1761,374.4,18.2,37.09,1722.0,1808.0,33.69,51.7,57.71
2018,Khyber-Pakhtunkhwa,Malakand,Malakand P.A.,District,Rural,Agriculture,1681759,267.24,6293.1,61.34,66.04,45.23,34268.0,29.28,14.42,613,29,57.06,67.82,4745,577.6,19.8,21.78,1409.0,2032.0,13.82,39.35,64.5
2019,Khyber-Pakhtunkhwa,Malakand,Malakand P.A.,District,Semi-Urban,Services,1664430,364.79,4562.7,52.53,58.78,35.76,53760.0,34.52,12.84,349,36,56.1,52.47,2494,665.7,30.0,11.61,1402.0,2181.0,43.46,48.44,61.08
2020,Khyber-Pakhtunkhwa,Malakand,Malakand P.A.,District,Rural,Construction,1818442,677.44,2684.3,62.87,65.05,54.2,45310.0,27.3,12.57,797,18,65.0,63.11,3103,703.8,25.5,26.68,1943.0,2654.0,32.37,50.93,60.91
2021,Khyber-Pakhtunkhwa,Malakand,Malakand P.A.,District,Urban,Manufacturing,1811552,2638.1,686.7,50.94,53.78,36.49,50738.0,33.52,11.22,419,27,53.0,45.48,740,405.3,20.0,33.54,1760.0,2029.0,35.24,52.87,58.6
2022,Khyber-Pakhtunkhwa,Malakand,Malakand P.A.,District,Urban,Mining,1753798,432.89,4051.4,50.53,54.04,40.46,53779.0,34.82,11.42,420,23,48.97,58.3,3398,376.0,22.4,38.08,2482.0,2190.0,24.46,46.86,60.99
2023,Khyber-Pakhtunkhwa,Malakand,Malakand P.A.,District,Rural,Construction,1801487,432.48,4165.5,57.48,66.81,41.38,53201.0,30.02,13.54,514,18,55.27,58.08,3871,491.5,25.8,4.31,1664.0,3207.0,51.46,45.43,62.03
2024,Khyber-Pakhtunkhwa,Malakand,Malakand P.A.,District,Urban,Construction,1809910,1036.32,1746.5,65.94,75.43,53.63,62552.0,25.39,11.75,546,18,59.93,64.53,538,335.4,29.2,19.04,1472.0,4368.0,34.62,33.66,65.61
2015,Khyber-Pakhtunkhwa,Malakand,Shangla,District,Rural,Construction,2374256,813.69,2917.9,59.48,65.19,40.2,32675.0,31.96,7.96,508,32,56.02,56.36,2090,592.5,29.2,21.89,1571.0,2192.0,37.2,46.24,64.52
2016,Khyber-Pakhtunkhwa,Malakand,Shangla,District,Rural,Education,2440742,1611.0,1515.0,47.17,52.28,27.51,52815.0,36.18,9.35,683,27,42.6,48.42,582,325.2,18.9,41.65,1783.0,1785.0,18.45,51.67,59.51
2017,Khyber-Pakhtunkhwa,Malakand,Shangla,District,Rural,Services,2497492,2495.52,1000.8,58.87,65.13,40.2,45643.0,31.08,10.66,638,26,58.16,50.32,862,346.3,22.0,37.56,1465.0,1834.0,42.82,47.86,65.89
2018,Khyber-Pakhtunkhwa,Malakand,Shangla,District,Rural,Healthcare,2545795,2354.88,1081.1,54.39,64.06,40.58,49282.0,27.31,12.12,1036,30,53.15,51.49,1154,301.2,29.2,26.86,1880.0,3384.0,24.86,49.2,61.05
2019,Khyber-Pakhtunkhwa,Malakand,Shangla,District,Rural,Agriculture,2656007,362.88,7319.2,59.12,65.87,51.97,49194.0,39.06,10.46,1010,66,56.68,54.58,8097,714.8,26.6,18.82,1061.0,2483.0,10.01,45.76,61.13
2020,Khyber-Pakhtunkhwa,Malakand,Shangla,District,Rural,Mining,2634145,891.97,2953.2,52.54,59.76,42.87,52486.0,36.48,11.1,752,56,55.69,52.21,3124,442.8,24.6,19.72,2554.0,3560.0,33.88,49.46,61.56
2021,Khyber-Pakhtunkhwa,Malakand,Shangla,District,Urban,Construction,2848888,419.01,6799.1,52.12,54.37,41.9,55838.0,34.08,13.09,773,41,58.74,58.01,6756,529.0,24.1,16.1,1696.0,2622.0,26.46,51.13,58.53
2022,Khyber-Pakhtunkhwa,Malakand,Shangla,District,Semi-Urban,Services,2830433,382.26,7404.5,61.46,69.32,53.53,64004.0,32.2,12.92,1100,45,69.31,72.15,8324,347.9,23.1,37.93,2246.0,1953.0,24.78,37.26,61.86
2023,Khyber-Pakhtunkhwa,Malakand,Shangla,District,Rural,Mining,2713311,510.74,5312.6,64.56,73.74,59.1,56639.0,24.92,8.47,849,27,68.66,60.36,4616,278.6,26.0,29.5,1966.0,2772.0,31.19,37.29,62.47
2024,Khyber-Pakhtunkhwa,Malakand,Shangla,District,Rural,Agriculture,3148947,480.34,6555.7,51.24,57.44,44.27,62654.0,29.39,11.29,1489,75,59.53,46.62,4582,618.1,30.2,31.67,2589.0,2667.0,48.06,51.42,59.36
2015,Khyber-Pakhtunkhwa,Malakand,Swat,District,Rural,Agriculture,2721883,502.82,5413.3,54.63,63.85,34.84,51282.0,30.81,9.55,646,45,59.25,64.43,6206,698.9,20.4,16.59,1646.0,3257.0,26.48,50.55,62.55
2016,Khyber-Pakhtunkhwa,Malakand,Swat,District,Urban,Healthcare,2794668,417.87,6687.9,53.78,57.51,41.2,26861.0,35.46,11.44,797,33,49.67,54.59,7670,387.8,20.8,40.94,788.0,1408.0,43.61,50.18,62.23
2017,Khyber-Pakhtunkhwa,Malakand,Swat,District,Rural,Manufacturing,2792796,412.48,6770.8,56.85,65.11,47.09,41290.0,33.0,11.48,1236,29,52.49,66.68,6837,341.3,19.2,26.96,1095.0,1857.0,10.9,57.83,64.42
2018,Khyber-Pakhtunkhwa,Malakand,Swat,District,Rural,Manufacturing,2821317,1200.31,2350.5,55.39,64.45,49.59,51551.0,31.21,11.86,625,35,63.37,50.9,1900,627.9,19.9,31.98,1671.0,3269.0,18.01,36.6,65.84
2019,Khyber-Pakhtunkhwa,Malakand,Swat,District,Rural,Manufacturing,2909683,370.92,7844.6,56.65,66.95,43.81,34188.0,29.72,14.52,1047,43,52.37,55.26,2612,431.8,28.8,27.49,1540.0,1553.0,40.92,40.06,61.9
2020,Khyber-Pakhtunkhwa,Malakand,Swat,District,Urban,Healthcare,3056327,530.02,5766.4,56.67,66.62,39.23,35637.0,31.19,9.16,1005,34,62.95,52.32,2823,599.8,25.1,30.19,946.0,1441.0,14.08,46.11,63.11
2021,Khyber-Pakhtunkhwa,Malakand,Swat,District,Rural,Agriculture,3308205,632.14,5233.4,49.57,52.62,39.74,48413.0,38.02,13.08,965,48,49.46,53.41,2317,579.2,30.6,34.14,1659.0,2104.0,26.15,50.26,60.7
2022,Khyber-Pakhtunkhwa,Malakand,Swat,District,Semi-Urban,Manufacturing,3406584,1069.56,3185.0,54.03,63.34,38.61,36881.0,34.51,15.59,1369,46,59.91,54.71,1679,558.3,26.3,44.61,1151.0,1605.0,31.31,46.76,59.56
2023,Khyber-Pakhtunkhwa,Malakand,Swat,District,Rural,Mining,3367525,432.8,7780.7,56.02,62.03,36.71,42570.0,30.36,10.33,726,39,63.93,57.76,3499,460.5,28.8,29.95,1235.0,2293.0,11.28,38.9,64.37
2024,Khyber-Pakhtunkhwa,Malakand,Swat,District,Urban,Construction,3472807,454.78,7636.2,60.91,64.32,44.01,53197.0,24.49,12.47,937,71,64.77,67.54,3427,276.9,19.3,17.91,1065.0,1910.0,25.57,44.76,65.32
2015,Khyber-Pakhtunkhwa,Mardan,Buner,District,Semi-Urban,Education,2785045,1226.15,2271.4,48.08,53.53,35.92,26572.0,34.95,14.25,1067,61,46.95,54.57,1486,672.8,23.2,37.14,701.0,1299.0,31.19,51.23,57.48
2016,Khyber-Pakhtunkhwa,Mardan,Buner,District,Rural,Mining,2839095,1223.45,2320.6,54.51,63.26,45.27,39996.0,35.69,11.65,597,44,53.84,65.04,1518,449.9,22.6,33.28,886.0,1981.0,49.27,52.68,60.7
2017,Khyber-Pakhtunkhwa,Mardan,Buner,District,Rural,Manufacturing,2946116,1362.24,2162.7,49.32,60.47,33.05,45370.0,22.63,12.63,770,34,49.93,48.72,1621,661.6,26.5,32.6,968.0,1909.0,39.05,41.95,57.84
2018,Khyber-Pakhtunkhwa,Mardan,Buner,District,Urban,Agriculture,2889264,1562.55,1849.1,47.67,53.66,39.98,39655.0,37.84,12.1,1178,49,53.04,50.14,1328,380.5,31.4,42.57,891.0,2278.0,33.28,47.73,58.68
2019,Khyber-Pakhtunkhwa,Mardan,Buner,District,Rural,Services,2927336,448.52,6526.6,55.03,61.04,35.63,58075.0,33.54,11.2,1437,49,58.14,54.45,4454,477.3,24.8,17.88,2454.0,2012.0,44.71,49.41,57.61
2020,Khyber-Pakhtunkhwa,Mardan,Buner,District,Rural,Agriculture,3231423,757.58,4265.5,52.25,61.84,40.88,61514.0,25.7,11.58,744,39,59.68,63.84,1856,305.8,20.5,32.11,1852.0,4144.0,49.16,44.35,59.05
2021,Khyber-Pakhtunkhwa,Mardan,Buner,District,Urban,Services,3225146,488.94,6596.3,52.7,63.6,42.2,36208.0,36.26,14.58,771,47,48.16,50.43,4506,310.8,24.9,25.56,1457.0,2197.0,40.89,52.16,56.98
2022,Khyber-Pakhtunkhwa,Mardan,Buner,District,Semi-Urban,Mining,2998140,1110.71,2699.3,55.02,60.99,42.06,40034.0,34.15,10.81,922,44,53.99,47.48,1039,305.8,28.2,34.93,1674.0,2215.0,17.89,42.29,63.82
2023,Khyber-Pakhtunkhwa,Mardan,Buner,District,Semi-Urban,Manufacturing,3283076,421.51,7788.9,56.41,59.17,44.53,41538.0,31.06,9.67,807,60,63.15,64.65,6608,616.3,25.3,27.32,1733.0,2596.0,26.78,45.84,62.41
2024,Khyber-Pakhtunkhwa,Mardan,Buner,District,Urban,Construction,3115271,524.41,5940.5,49.06,58.49,33.24,52718.0,36.8,14.11,1033,39,48.68,49.72,6942,342.0,28.5,40.63,2310.0,2785.0,13.57,48.67,60.01
2015,Khyber-Pakhtunkhwa,Mardan,Mardan,District,Rural,Agriculture,3067194,475.32,6452.9,56.94,60.8,41.61,41253.0,34.01,7.48,751,71,59.85,52.7,5447,717.7,21.8,27.97,1951.0,2357.0,32.57,43.49,60.56
2016,Khyber-Pakhtunkhwa,Mardan,Mardan,District,Semi-Urban,Agriculture,3118774,4870.1,640.4,55.64,57.82,47.32,38141.0,38.59,11.04,961,65,54.08,59.27,544,737.9,22.5,20.69,1596.0,2074.0,24.61,47.55,62.87
2017,Khyber-Pakhtunkhwa,Mardan,Mardan,District,Rural,Mining,3200602,644.73,4964.2,43.91,54.45,36.63,39746.0,35.93,11.49,883,46,47.88,44.18,4606,409.8,29.5,36.27,1597.0,1599.0,32.45,40.53,63.27
2018,Khyber-Pakhtunkhwa,Mardan,Mardan,District,Semi-Urban,Agriculture,3167710,408.32,7757.9,55.75,60.9,46.37,56028.0,34.59,10.15,813,42,55.36,51.54,3415,742.4,23.2,28.15,2104.0,3080.0,40.35,43.16,62.56
2019,Khyber-Pakhtunkhwa,Mardan,Mardan,District,Rural,Construction,3374027,540.97,6237.1,53.22,64.71,42.54,41973.0,30.09,10.3,793,59,59.06,65.03,3096,437.6,25.5,17.91,2089.0,2217.0,15.56,47.69,57.6
2020,Khyber-Pakhtunkhwa,Mardan,Mardan,District,Urban,Education,3295549,520.51,6331.4,53.33,58.96,43.54,33725.0,33.94,11.76,784,51,54.12,60.36,7371,459.1,26.4,38.73,1445.0,1440.0,14.75,60.97,63.27
2021,Khyber-Pakhtunkhwa,Mardan,Mardan,District,Urban,Construction,3523627,507.51,6942.9,53.36,60.69,44.03,43642.0,29.26,8.98,1011,51,60.42,54.35,6183,712.0,20.5,32.11,1768.0,1481.0,25.03,44.58,62.94
2022,Khyber-Pakhtunkhwa,Mardan,Mardan,District,Urban,Mining,3633596,999.06,3637.0,59.03,65.11,45.47,45972.0,27.29,13.51,1415,87,56.49,62.37,1909,501.7,19.1,31.26,1705.0,2247.0,11.03,45.44,63.49
2023,Khyber-Pakhtunkhwa,Mardan,Mardan,District,Urban,Education,3381632,556.9,6072.2,60.36,71.11,49.83,45413.0,27.92,9.42,727,42,62.61,68.58,6857,675.2,20.3,38.73,1348.0,1895.0,17.88,44.92,64.38
2024,Khyber-Pakhtunkhwa,Mardan,Mardan,District,Rural,Manufacturing,4085320,1031.95,3958.8,52.53,60.57,45.87,39958.0,26.98,11.74,1493,53,62.13,60.59,2060,736.4,25.0,23.73,1665.0,1310.0,24.91,47.21,58.83
2015,Khyber-Pakhtunkhwa,Mardan,Swabi,District,Rural,Education,2446493,556.24,4398.3,57.35,65.42,41.62,37003.0,33.74,10.48,717,38,63.36,67.9,1413,691.7,25.5,18.92,1274.0,2185.0,54.51,40.45,61.46
2016,Khyber-Pakhtunkhwa,Mardan,Swabi,District,Semi-Urban,Healthcare,2488876,373.29,6667.4,49.89,53.35,43.03,37851.0,37.47,10.39,577,40,55.65,52.64,5479,574.8,24.0,27.85,1656.0,2229.0,21.81,45.58,60.57
2017,Khyber-Pakhtunkhwa,Mardan,Swabi,District,Rural,Services,2541148,1624.13,1564.6,52.21,61.73,36.57,47750.0,39.2,13.43,931,36,50.96,50.98,885,596.9,24.4,30.38,1592.0,2936.0,44.06,42.32,61.09
2018,Khyber-Pakhtunkhwa,Mardan,Swabi,District,Rural,Education,2653845,535.24,4958.2,57.3,68.75,47.94,46095.0,35.35,13.05,619,54,55.9,53.13,2847,435.4,23.1,30.01,1908.0,2624.0,17.12,46.11,60.39
2019,Khyber-Pakhtunkhwa,Mardan,Swabi,District,Rural,Mining,2584983,1765.52,1464.1,58.54,60.66,51.31,56012.0,36.39,12.04,676,28,56.54,54.31,1421,675.5,26.2,22.58,2794.0,2590.0,26.39,42.64,63.04
2020,Khyber-Pakhtunkhwa,Mardan,Swabi,District,Rural,Construction,2774219,900.25,3081.6,53.49,60.74,45.95,34144.0,29.23,11.55,1124,30,52.85,52.95,963,682.7,24.8,26.63,1653.0,1492.0,17.89,58.63,62.84
2021,Khyber-Pakhtunkhwa,Mardan,Swabi,District,Rural,Healthcare,2718606,1050.72,2587.4,54.1,64.5,35.51,37228.0,35.12,11.6,627,31,58.44,53.12,2610,479.7,30.8,38.2,1748.0,2221.0,48.06,52.45,58.43
2022,Khyber-Pakhtunkhwa,Mardan,Swabi,District,Urban,Mining,2792729,537.27,5198.0,67.83,77.81,61.64,30809.0,30.88,7.7,575,39,65.12,76.89,2719,673.3,25.5,29.17,853.0,1836.0,30.1,44.42,64.54
2023,Khyber-Pakhtunkhwa,Mardan,Swabi,District,Semi-Urban,Manufacturing,3033386,1297.34,2338.2,58.4,68.71,50.55,56784.0,35.81,12.74,745,45,53.16,61.82,1801,526.0,19.3,34.4,1239.0,2220.0,12.87,46.59,59.74
2024,Khyber-Pakhtunkhwa,Mardan,Swabi,District,Urban,Manufacturing,3045741,764.87,3982.0,60.0,63.97,53.75,55584.0,29.72,8.73,843,35,58.78,63.68,3338,348.2,19.6,24.79,1612.0,1689.0,34.41,46.62,62.74
2015,Khyber-Pakhtunkhwa,Peshawar,Charsadda,District,Rural,Services,1642984,430.12,3819.8,50.72,55.43,39.61,47039.0,33.7,10.05,418,21,55.17,58.22,2889,746.1,21.5,38.67,1666.0,3201.0,38.4,48.09,63.12
2016,Khyber-Pakhtunkhwa,Peshawar,Charsadda,District,Semi-Urban,Construction,1671721,706.06,2367.7,51.63,56.82,39.32,53305.0,39.42,7.69,591,22,51.1,52.69,1766,738.6,31.2,21.73,1352.0,3221.0,53.85,51.22,56.0
2017,Khyber-Pakhtunkhwa,Peshawar,Charsadda,District,Rural,Construction,1732310,248.71,6965.2,56.75,61.8,47.14,28672.0,22.74,8.93,572,21,63.41,52.11,2734,304.4,21.2,34.4,832.0,1559.0,44.49,47.39,61.73
2018,Khyber-Pakhtunkhwa,Peshawar,Charsadda,District,Rural,Healthcare,1765563,1055.39,1672.9,64.49,73.02,44.77,31631.0,31.64,10.72,410,20,70.83,67.02,1595,328.6,31.4,21.52,850.0,1282.0,45.49,56.38,65.6
2019,Khyber-Pakhtunkhwa,Peshawar,Charsadda,District,Urban,Agriculture,1873427,571.0,3280.9,55.03,57.08,38.59,57066.0,34.75,10.18,641,22,61.96,53.08,3844,404.0,25.9,27.6,1747.0,3550.0,52.3,50.54,67.73
2020,Khyber-Pakhtunkhwa,Peshawar,Charsadda,District,Rural,Manufacturing,1945461,3011.1,646.1,52.47,57.72,35.6,56278.0,35.85,11.41,473,37,57.97,50.49,657,436.7,22.5,18.13,2168.0,2679.0,35.2,43.62,59.08
2021,Khyber-Pakhtunkhwa,Peshawar,Charsadda,District,Urban,Manufacturing,1816236,1066.41,1703.1,61.64,73.24,50.79,31501.0,31.13,9.37,435,18,64.37,71.44,940,723.4,28.9,24.21,1203.0,1418.0,41.79,51.01,64.96
2022,Khyber-Pakhtunkhwa,Peshawar,Charsadda,District,Rural,Manufacturing,1792695,697.45,2570.3,54.02,60.16,37.39,54690.0,33.08,13.17,576,18,50.29,48.61,2135,624.9,22.5,29.43,2036.0,2870.0,16.83,47.8,62.2
2023,Khyber-Pakhtunkhwa,Peshawar,Charsadda,District,Rural,Healthcare,1939506,421.69,4599.4,57.98,66.97,39.92,43692.0,32.6,11.09,487,26,64.44,63.07,2875,320.2,28.8,20.93,1887.0,2617.0,43.26,44.28,59.19
2024,Khyber-Pakhtunkhwa,Peshawar,Charsadda,District,Urban,Healthcare,1884748,853.75,2207.6,48.47,56.89,41.37,44728.0,39.95,12.18,610,36,58.19,46.38,1628,551.8,31.1,20.52,959.0,2287.0,29.23,53.37,61.52
2015,Khyber-Pakhtunkhwa,Peshawar,Nowshera,District,Rural,Mining,2860715,756.99,3779.1,57.66,67.0,43.14,24518.0,33.33,12.67,1364,40,63.86,64.81,3788,496.0,26.0,46.09,882.0,1519.0,35.44,56.33,60.92
2016,Khyber-Pakhtunkhwa,Peshawar,Nowshera,District,Rural,Education,2949847,397.62,7418.7,50.03,60.84,38.26,27612.0,38.84,10.31,770,29,56.31,57.87,4431,465.5,21.9,31.05,703.0,1464.0,43.25,57.52,58.97
2017,Khyber-Pakhtunkhwa,Peshawar,Nowshera,District,Urban,Healthcare,2984178,493.58,6045.9,44.43,49.65,39.3,51979.0,37.7,14.8,615,31,46.01,43.64,3026,561.8,23.5,30.74,2091.0,2238.0,16.77,56.99,59.03
2018,Khyber-Pakhtunkhwa,Peshawar,Nowshera,District,Rural,Mining,3048723,485.89,6274.5,53.57,57.39,45.48,49493.0,36.18,11.9,818,49,61.42,62.88,7215,326.3,28.8,12.69,1048.0,1737.0,11.18,52.56,60.29
2019,Khyber-Pakhtunkhwa,Peshawar,Nowshera,District,Semi-Urban,Construction,3080930,438.31,7029.2,53.92,63.65,35.13,29507.0,27.67,13.09,643,38,51.56,49.1,2887,745.5,21.3,26.79,1429.0,915.0,11.23,47.8,64.39
2020,Khyber-Pakhtunkhwa,Peshawar,Nowshera,District,Rural,Mining,3343621,1619.67,2064.4,52.54,59.6,33.0,59510.0,33.51,10.87,1556,50,50.26,60.07,845,545.1,19.7,15.98,2541.0,2072.0,36.02,44.62,62.54
2021,Khyber-Pakhtunkhwa,Peshawar,Nowshera,District,Rural,Healthcare,3264077,533.12,6122.6,57.4,63.97,50.72,51768.0,31.7,11.34,1106,63,66.44,64.79,4151,429.9,21.6,35.34,2529.0,1760.0,10.33,47.23,65.18
2022,Khyber-Pakhtunkhwa,Peshawar,Nowshera,District,Rural,Education,3263797,3297.46,989.8,48.13,50.29,29.99,41717.0,36.82,12.36,674,41,46.76,54.94,873,575.2,29.3,27.35,1239.0,1486.0,53.39,53.58,59.52
2023,Khyber-Pakhtunkhwa,Peshawar,Nowshera,District,Urban,Manufacturing,3253819,2229.24,1459.6,57.62,63.34,42.71,53289.0,28.33,7.6,1318,39,63.29,50.2,988,651.2,30.1,21.3,1345.0,2704.0,28.67,38.47,65.69
2024,Khyber-Pakhtunkhwa,Peshawar,Nowshera,District,Urban,Agriculture,3235828,586.73,5515.0,51.22,61.63,40.62,65110.0,31.07,12.5,1045,33,57.89,44.14,5542,352.0,23.7,30.55,1950.0,4268.0,37.99,53.3,59.16
2015,Khyber-Pakhtunkhwa,Peshawar,Peshawar,District,Rural,Construction,646241,761.41,848.7,50.17,62.05,43.78,53234.0,35.19,14.04,206,8,53.03,45.8,609,257.5,30.6,33.95,1728.0,3510.0,15.06,51.14,60.21
2016,Khyber-Pakhtunkhwa,Peshawar,Peshawar,District,Rural,Construction,659818,100.42,6570.7,54.56,63.25,35.21,52964.0,35.94,11.69,329,9,62.6,51.52,6398,411.4,25.6,19.98,2413.0,2005.0,14.34,48.5,59.38
2017,Khyber-Pakhtunkhwa,Peshawar,Peshawar,District,Rural,Services,666407,88.07,7567.2,54.6,58.45,46.21,29868.0,27.08,11.27,248,14,50.56,54.49,7108,693.5,19.5,32.31,1011.0,1602.0,39.67,55.61,60.2
2018,Khyber-Pakhtunkhwa,Peshawar,Peshawar,District,Urban,Healthcare,691708,276.63,2500.4,51.53,61.52,35.31,60761.0,27.61,11.2,147,11,51.99,46.7,1195,618.2,29.9,21.89,1547.0,2170.0,38.43,45.83,61.68
2019,Khyber-Pakhtunkhwa,Peshawar,Peshawar,District,Urban,Mining,674755,393.64,1714.1,54.23,60.75,40.57,55637.0,32.83,11.88,227,9,56.07,52.97,919,564.4,29.4,29.09,1847.0,3327.0,19.67,49.64,62.96
2020,Khyber-Pakhtunkhwa,Peshawar,Peshawar,District,Rural,Services,736120,242.93,3030.1,58.6,69.16,52.15,46909.0,32.4,11.22,147,14,57.86,67.25,1081,636.0,24.4,38.02,1452.0,2612.0,44.35,47.75,61.68
2021,Khyber-Pakhtunkhwa,Peshawar,Peshawar,District,Rural,Healthcare,790345,358.69,2203.4,52.94,64.78,41.4,33480.0,30.89,10.56,234,16,55.9,50.91,2587,686.7,22.3,33.12,853.0,2103.0,13.73,53.41,60.07
2022,Khyber-Pakhtunkhwa,Peshawar,Peshawar,District,Semi-Urban,Mining,806429,516.01,1562.8,60.79,68.1,47.35,49624.0,24.9,10.72,199,9,57.69,66.56,978,512.8,28.9,33.6,1336.0,3369.0,12.11,37.41,64.08
2023,Khyber-Pakhtunkhwa,Peshawar,Peshawar,District,Urban,Services,776823,620.94,1251.0,52.85,60.95,33.72,45582.0,33.53,11.99,311,9,56.84,61.79,430,625.6,20.1,52.2,2237.0,2098.0,48.62,47.37,58.6
2024,Khyber-Pakhtunkhwa,Peshawar,Peshawar,District,Rural,Mining,770577,210.57,3659.5,70.36,74.44,55.33,53099.0,27.42,8.2,224,12,74.14,65.8,4257,287.4,27.9,33.09,1156.0,2465.0,43.01,32.83,65.0
2015,Punjab,Bahawalpur,Bahawalnagar,District,Rural,Services,1907124,291.06,6552.4,59.93,62.63,42.41,102992.0,26.06,12.11,393,34,65.73,63.86,2793,356.4,20.7,40.44,3300.0,6081.0,53.35,37.54,59.27
2016,Punjab,Bahawalpur,Bahawalnagar,District,Semi-Urban,Construction,1954131,956.16,2043.7,64.7,72.68,48.13,99619.0,28.56,8.96,805,34,63.14,67.73,1162,408.2,25.3,12.97,2366.0,5949.0,20.45,46.14,64.77
2017,Punjab,Bahawalpur,Bahawalnagar,District,Urban,Education,1989463,253.68,7842.4,60.96,67.62,54.26,59185.0,30.38,9.07,420,32,58.94,71.57,7233,352.6,30.5,39.47,2594.0,3571.0,36.32,40.25,63.2
2018,Punjab,Bahawalpur,Bahawalnagar,District,Urban,Healthcare,1997870,250.3,7982.0,62.06,68.28,42.61,63386.0,34.73,9.01,524,26,61.29,70.14,7925,466.0,29.7,13.0,2869.0,3759.0,38.71,44.94,64.86
2019,Punjab,Bahawalpur,Bahawalnagar,District,Rural,Services,2168393,731.03,2966.2,61.95,66.16,48.16,106403.0,26.99,11.1,541,39,61.1,52.91,1167,485.2,24.8,31.39,4621.0,6208.0,29.52,54.74,65.24
2020,Punjab,Bahawalpur,Bahawalnagar,District,Rural,Healthcare,2147406,647.07,3318.7,64.53,72.28,45.22,125137.0,33.29,12.0,603,22,63.81,66.88,1708,436.1,29.1,24.68,4681.0,7305.0,15.29,45.08,63.57
2021,Punjab,Bahawalpur,Bahawalnagar,District,Urban,Construction,2212911,375.89,5887.2,65.85,75.91,54.87,127094.0,25.04,9.39,1044,28,65.87,65.19,5311,545.4,18.5,14.07,2640.0,6695.0,43.5,49.41,64.78
2022,Punjab,Bahawalpur,Bahawalnagar,District,Rural,Construction,2053264,1654.48,1241.0,62.77,74.51,52.61,141835.0,18.43,13.36,431,23,67.43,70.34,1247,301.4,29.5,26.25,4218.0,8221.0,21.19,44.56,62.88
2023,Punjab,Bahawalpur,Bahawalnagar,District,Rural,Services,2339473,1372.58,1704.4,74.24,81.24,66.66,130814.0,24.91,7.46,636,25,76.54,77.92,1456,501.3,28.9,18.25,5520.0,8300.0,14.0,37.0,71.41
2024,Punjab,Bahawalpur,Bahawalnagar,District,Rural,Healthcare,2193949,1741.59,1259.7,68.98,78.06,60.01,140068.0,24.43,8.51,526,27,66.78,68.58,874,274.5,23.4,23.75,4320.0,5094.0,25.78,46.52,65.08
2015,Punjab,Bahawalpur,Bahawalpur,District,Urban,Education,2036093,719.73,2829.0,66.86,69.79,60.72,63906.0,26.52,9.11,578,25,64.62,68.03,1878,271.2,26.7,10.79,1783.0,3747.0,42.02,43.98,65.91
2016,Punjab,Bahawalpur,Bahawalpur,District,Urban,Agriculture,2083576,281.21,7409.4,60.4,72.39,54.16,80319.0,33.07,9.87,901,21,66.57,69.09,3862,317.6,26.0,20.44,1980.0,5599.0,29.91,36.13,62.11
2017,Punjab,Bahawalpur,Bahawalpur,District,Semi-Urban,Construction,2079729,364.03,5713.1,60.74,71.31,41.27,70299.0,26.68,7.67,782,22,61.27,67.86,3845,258.2,22.2,41.89,2569.0,3706.0,31.75,49.82,61.66
2018,Punjab,Bahawalpur,Bahawalpur,District,Semi-Urban,Manufacturing,2162676,445.3,4856.7,59.37,64.01,42.32,118733.0,34.99,9.75,557,23,68.12,65.4,2856,482.7,31.7,29.95,3647.0,8112.0,26.66,42.56,61.07
2019,Punjab,Bahawalpur,Bahawalpur,District,Semi-Urban,Mining,2147121,271.89,7896.9,56.92,62.06,44.78,123216.0,34.44,13.89,783,29,53.16,68.0,3988,513.7,25.1,47.93,3752.0,7157.0,46.33,39.85,63.47
2020,Punjab,Bahawalpur,Bahawalpur,District,Semi-Urban,Education,2411382,1106.28,2179.7,69.57,71.79,49.63,123849.0,20.84,11.26,858,26,69.51,67.89,766,436.4,18.9,5.54,3768.0,8013.0,30.18,41.65,63.71
2021,Punjab,Bahawalpur,Bahawalpur,District,Rural,Manufacturing,2209258,2230.23,990.6,72.49,83.92,56.93,116273.0,25.42,7.32,531,29,79.45,76.18,887,485.4,24.9,31.91,3406.0,6731.0,54.38,33.48,68.57
2022,Punjab,Bahawalpur,Bahawalpur,District,Semi-Urban,Mining,2300841,354.62,6488.1,61.37,63.9,41.8,82173.0,34.89,10.09,652,35,66.72,71.76,2645,434.7,30.1,10.51,4053.0,4483.0,43.95,53.25,64.53
2023,Punjab,Bahawalpur,Bahawalpur,District,Urban,Construction,2446990,408.23,5994.2,64.16,67.35,51.73,127521.0,26.67,12.3,890,32,69.12,58.12,4894,272.5,27.1,28.77,6181.0,5802.0,14.01,40.22,66.41
2024,Punjab,Bahawalpur,Bahawalpur,District,Urban,Education,2437388,1583.93,1538.8,58.1,64.11,50.33,128333.0,29.56,13.14,804,53,57.62,63.53,1338,551.6,25.0,20.79,3875.0,7709.0,20.2,54.68,59.56
2015,Punjab,Bahawalpur,Rahimyar Khan,District,Urban,Mining,3887518,494.28,7865.1,58.72,60.99,47.95,92219.0,29.6,8.11,1785,62,55.37,69.18,5012,411.6,18.1,24.75,2036.0,3402.0,50.73,43.8,63.7
2016,Punjab,Bahawalpur,Rahimyar Khan,District,Semi-Urban,Mining,3988251,883.51,4514.1,65.67,76.13,54.06,87424.0,27.54,10.78,809,87,69.35,58.92,1958,349.7,20.5,16.01,3896.0,2729.0,44.74,40.24,66.96
2017,Punjab,Bahawalpur,Rahimyar Khan,District,Urban,Mining,3973272,517.0,7685.2,60.21,71.21,47.43,92888.0,30.77,11.93,823,44,58.87,57.01,3379,339.6,20.5,11.94,3567.0,4040.0,32.39,41.18,62.55
2018,Punjab,Bahawalpur,Rahimyar Khan,District,Urban,Agriculture,4142070,614.71,6738.3,69.33,76.24,49.92,104658.0,24.6,8.06,951,42,72.43,60.24,4194,298.5,20.0,14.46,4971.0,6996.0,45.73,36.92,65.2
2019,Punjab,Bahawalpur,Rahimyar Khan,District,Rural,Mining,4380071,754.24,5807.3,61.86,69.18,48.24,127022.0,32.15,8.71,969,95,63.48,65.85,5103,328.2,25.4,28.68,3617.0,4499.0,27.74,34.37,62.44
2020,Punjab,Bahawalpur,Rahimyar Khan,District,Urban,Services,4486783,863.25,5197.5,65.3,72.28,54.47,82217.0,27.25,10.15,1396,71,66.13,65.33,5165,328.6,24.8,19.98,3368.0,4201.0,45.39,43.92,57.43
2021,Punjab,Bahawalpur,Rahimyar Khan,District,Rural,Mining,4152259,1481.15,2803.4,67.47,72.5,61.76,137771.0,27.77,10.59,1103,44,68.86,70.17,973,495.7,25.5,32.31,6167.0,8948.0,18.47,36.82,67.03
2022,Punjab,Bahawalpur,Rahimyar Khan,District,Urban,Manufacturing,4731453,2575.39,1837.2,63.06,65.79,47.37,106545.0,20.64,9.44,1520,57,70.41,55.57,1495,580.0,30.5,22.44,4090.0,3389.0,19.16,38.72,64.0
2023,Punjab,Bahawalpur,Rahimyar Khan,District,Urban,Construction,4538340,3306.66,1372.5,64.25,68.53,53.4,142159.0,21.89,13.3,1580,48,67.72,72.92,467,332.3,20.5,21.87,3447.0,5665.0,51.29,39.01,67.45
2024,Punjab,Bahawalpur,Rahimyar Khan,District,Semi-Urban,Construction,4928504,1342.44,3671.3,70.96,79.86,61.87,144794.0,21.65,9.68,1327,53,73.26,64.41,2347,551.5,28.3,33.15,6556.0,5441.0,28.71,35.62,65.28
2015,Punjab,Dera Ghazi Khan,Dera Ghazi Kha,District,Urban,Mining,5218068,916.43,5693.9,64.16,74.07,56.77,51709.0,30.88,15.73,2455,60,59.68,68.32,3385,228.2,19.6,6.34,2498.0,2082.0,12.99,44.55,63.13
2016,Punjab,Dera Ghazi Khan,Dera Ghazi Kha,District,Semi-Urban,Construction,5359073,1537.08,3486.5,65.7,77.2,47.44,117711.0,22.86,11.8,1485,93,67.68,58.01,1676,247.8,29.5,22.51,4184.0,3699.0,34.96,40.7,62.94
2017,Punjab,Dera Ghazi Khan,Dera Ghazi Kha,District,Urban,Education,5449873,6940.44,785.2,69.56,75.98,53.48,62143.0,19.17,7.38,1722,121,73.0,60.47,895,374.4,23.2,4.75,2672.0,2334.0,44.61,34.77,66.19
2018,Punjab,Dera Ghazi Khan,Dera Ghazi Kha,District,Semi-Urban,Services,5460627,1145.74,4766.0,68.66,74.57,54.0,79352.0,19.76,11.05,1126,90,76.05,76.8,3598,340.0,20.8,20.53,2123.0,4371.0,16.89,35.66,65.99
2019,Punjab,Dera Ghazi Khan,Dera Ghazi Kha,District,Rural,Mining,5612786,8136.56,689.8,54.14,57.25,44.37,112596.0,34.18,9.21,1689,61,57.75,51.77,538,264.4,25.7,25.17,4341.0,4143.0,12.93,50.19,61.42
2020,Punjab,Dera Ghazi Khan,Dera Ghazi Kha,District,Urban,Mining,6147293,3900.2,1576.1,65.04,69.29,58.25,88320.0,24.59,12.31,2659,113,64.25,66.54,1246,525.5,28.8,20.72,1819.0,5561.0,38.27,34.31,63.94
2021,Punjab,Dera Ghazi Khan,Dera Ghazi Kha,District,Semi-Urban,Manufacturing,5942749,1750.23,3395.4,60.58,68.95,40.88,107299.0,33.22,9.52,1464,94,68.17,56.25,2406,396.2,21.5,30.93,4977.0,4180.0,31.56,41.74,59.22
2022,Punjab,Dera Ghazi Khan,Dera Ghazi Kha,District,Semi-Urban,Healthcare,5878537,761.19,7722.8,59.9,66.0,54.26,123856.0,28.46,4.87,1857,106,56.32,65.72,3894,372.7,22.2,32.26,3972.0,7878.0,49.59,43.21,58.16
2023,Punjab,Dera Ghazi Khan,Dera Ghazi Kha,District,Urban,Manufacturing,6057612,1655.74,3658.6,61.34,70.58,50.36,145739.0,22.23,9.49,1862,72,61.87,59.91,3443,345.4,22.6,20.52,5400.0,9899.0,19.27,43.73,62.71
2024,Punjab,Dera Ghazi Khan,Dera Ghazi Kha,District,Urban,Healthcare,6703974,2078.36,3225.6,67.69,75.12,55.64,136115.0,27.59,5.02,1977,73,72.8,65.04,3742,322.8,23.5,18.72,6275.0,6327.0,30.35,35.9,63.4
2015,Punjab,Dera Ghazi Khan,Layyah,District,Rural,Healthcare,2196924,403.3,5447.4,65.78,77.61,58.19,111515.0,26.22,7.72,456,33,73.35,56.39,2398,282.6,25.9,37.83,3575.0,6833.0,40.63,42.13,61.92
2016,Punjab,Dera Ghazi Khan,Layyah,District,Urban,Healthcare,2229757,555.45,4014.3,61.89,72.65,45.86,81337.0,27.12,13.49,484,46,69.67,58.93,1440,573.2,26.6,33.3,1679.0,5434.0,40.43,35.81,65.74
2017,Punjab,Dera Ghazi Khan,Layyah,District,Rural,Construction,2338582,1990.96,1174.6,57.62,62.77,43.27,78021.0,30.38,11.16,487,38,63.01,68.13,854,323.0,18.9,32.23,3207.0,3245.0,50.7,50.88,60.79
2018,Punjab,Dera Ghazi Khan,Layyah,District,Rural,Manufacturing,2280596,314.3,7256.1,67.99,79.82,55.94,97480.0,23.68,10.98,928,35,69.17,70.15,8551,263.3,25.7,29.42,3891.0,3496.0,41.05,39.64,64.22
2019,Punjab,Dera Ghazi Khan,Layyah,District,Semi-Urban,Agriculture,2388507,1574.5,1517.0,61.73,69.58,42.77,115236.0,27.13,10.49,759,38,58.12,52.87,1779,475.2,29.5,38.4,5577.0,6070.0,18.18,42.04,63.48
2020,Punjab,Dera Ghazi Khan,Layyah,District,Rural,Services,2573405,359.98,7148.7,67.1,75.79,50.23,136993.0,17.93,12.66,1166,53,64.89,64.91,4025,259.8,31.9,31.45,5998.0,8420.0,53.27,39.95,66.33
2021,Punjab,Dera Ghazi Khan,Layyah,District,Rural,Services,2457661,583.68,4210.6,65.07,76.11,45.34,140758.0,29.18,9.07,635,32,73.44,62.61,4695,301.1,25.2,20.9,3035.0,5567.0,11.05,38.9,66.56
2022,Punjab,Dera Ghazi Khan,Layyah,District,Rural,Education,2483428,662.76,3747.1,57.74,69.53,50.78,100268.0,30.58,9.97,1170,29,63.37,58.24,3058,232.1,25.7,28.06,2916.0,3809.0,38.09,51.39,57.83
2023,Punjab,Dera Ghazi Khan,Layyah,District,Rural,Services,2609651,456.66,5714.7,68.72,72.04,53.11,98062.0,27.77,10.46,928,41,67.35,68.66,4555,597.5,23.9,11.46,3399.0,3988.0,25.58,36.35,67.3
2024,Punjab,Dera Ghazi Khan,Layyah,District,Semi-Urban,Manufacturing,2938255,2586.57,1136.0,59.5,62.25,52.9,148061.0,29.83,9.48,734,49,61.19,52.85,925,524.3,29.3,19.92,4014.0,4959.0,26.8,53.29,64.57
2015,Punjab,Dera Ghazi Khan,Muzaffargarh,District,Rural,Agriculture,1550828,507.05,3058.5,67.98,76.63,58.01,101082.0,19.94,11.21,328,35,69.92,77.09,2855,587.6,26.8,27.82,2627.0,6049.0,37.57,33.02,62.39
2016,Punjab,Dera Ghazi Khan,Muzaffargarh,District,Semi-Urban,Construction,1569482,205.55,7635.4,59.06,65.82,46.12,58953.0,27.35,9.85,780,17,56.65,51.2,6451,231.8,22.5,33.28,1508.0,2448.0,18.88,44.66,59.94
2017,Punjab,Dera Ghazi Khan,Muzaffargarh,District,Semi-Urban,Agriculture,1635397,1704.43,959.5,61.9,70.9,42.31,116509.0,28.61,13.39,640,40,58.35,56.57,450,257.6,25.6,19.25,5296.0,7020.0,41.63,49.44,63.99
2018,Punjab,Dera Ghazi Khan,Muzaffargarh,District,Urban,Education,1624990,240.02,6770.3,65.51,67.58,56.9,85055.0,32.45,9.29,562,25,68.57,60.05,3564,300.4,22.8,23.73,3626.0,2772.0,50.08,40.55,64.89
2019,Punjab,Dera Ghazi Khan,Muzaffargarh,District,Urban,Services,1623852,270.78,5996.9,57.44,60.32,41.27,83746.0,35.09,14.63,420,18,52.89,64.11,5566,486.4,18.2,40.38,3196.0,5726.0,36.47,51.66,61.84
2020,Punjab,Dera Ghazi Khan,Muzaffargarh,District,Urban,Education,1748039,604.23,2893.0,72.49,76.77,56.32,116445.0,14.5,12.0,568,19,70.8,67.62,1786,395.6,25.6,26.19,3953.0,5644.0,17.67,44.71,64.38
2021,Punjab,Dera Ghazi Khan,Muzaffargarh,District,Semi-Urban,Healthcare,1885310,241.95,7792.1,63.54,66.93,58.17,129627.0,30.79,10.52,555,20,63.97,56.85,6771,500.2,23.9,12.98,4146.0,3961.0,24.25,42.26,66.16
2022,Punjab,Dera Ghazi Khan,Muzaffargarh,District,Semi-Urban,Healthcare,1904529,1060.52,1795.8,55.6,61.53,50.28,118069.0,19.72,11.86,504,37,51.47,55.09,1426,260.0,22.7,25.65,3168.0,5840.0,23.66,48.63,61.18
2023,Punjab,Dera Ghazi Khan,Muzaffargarh,District,Urban,Construction,1935635,254.52,7605.0,65.36,70.25,53.21,101892.0,30.08,12.64,780,19,59.72,74.78,7781,226.8,22.5,29.39,3310.0,3110.0,20.58,42.15,62.61
2024,Punjab,Dera Ghazi Khan,Muzaffargarh,District,Urban,Construction,1816110,347.35,5228.4,59.51,70.15,42.41,80615.0,30.21,10.09,448,27,55.39,53.17,1865,312.8,28.1,17.21,2694.0,3763.0,26.63,54.17,60.69
2015,Punjab,Dera Ghazi Khan,Rajan Pur,District,Urban,Services,2249270,319.54,7039.1,55.26,59.2,45.29,66874.0,32.43,15.27,765,23,64.32,62.71,7063,422.0,26.1,36.08,2486.0,4444.0,15.72,55.06,62.36
2016,Punjab,Dera Ghazi Khan,Rajan Pur,District,Urban,Construction,2311580,350.24,6599.9,60.49,65.71,53.27,95211.0,35.78,15.33,841,31,67.8,57.69,5559,552.3,23.4,23.93,4449.0,6506.0,33.82,36.1,65.04
2017,Punjab,Dera Ghazi Khan,Rajan Pur,District,Urban,Construction,2324795,367.22,6330.7,59.03,64.3,44.53,86532.0,32.02,13.35,531,41,55.27,67.13,5100,223.6,21.5,12.45,3765.0,5907.0,47.12,46.63,62.16
2018,Punjab,Dera Ghazi Khan,Rajan Pur,District,Semi-Urban,Mining,2401839,337.14,7124.1,55.98,66.83,50.07,79073.0,34.76,12.37,923,27,53.21,66.06,3948,442.0,22.1,25.0,3457.0,3710.0,33.56,54.51,60.56
2019,Punjab,Dera Ghazi Khan,Rajan Pur,District,Semi-Urban,Mining,2536144,1032.04,2457.4,57.25,60.72,38.6,58236.0,29.86,13.07,1042,61,61.3,63.91,1084,231.5,24.5,27.4,1941.0,2479.0,38.17,48.95,65.71
2020,Punjab,Dera Ghazi Khan,Rajan Pur,District,Urban,Healthcare,2651131,1336.69,1983.4,64.47,71.24,54.57,95065.0,23.57,10.09,694,46,66.82,61.26,1881,206.8,18.7,31.97,3470.0,5243.0,16.38,37.43,64.28
2021,Punjab,Dera Ghazi Khan,Rajan Pur,District,Rural,Agriculture,2626198,890.36,2949.6,66.35,75.52,60.51,93013.0,26.21,9.72,582,62,63.96,67.71,3345,427.4,30.4,9.22,2251.0,3171.0,15.93,35.49,65.86
2022,Punjab,Dera Ghazi Khan,Rajan Pur,District,Urban,Education,2480622,2086.41,1188.9,67.86,74.02,61.93,122424.0,27.66,13.19,805,40,62.29,64.55,522,227.8,23.6,31.75,5471.0,7661.0,45.54,41.04,64.42
2023,Punjab,Dera Ghazi Khan,Rajan Pur,District,Rural,Manufacturing,2660543,362.69,7335.7,65.96,68.38,57.57,74533.0,28.22,8.84,956,48,69.03,67.22,8472,221.0,29.8,29.27,3625.0,2646.0,19.86,50.85,62.77
2024,Punjab,Dera Ghazi Khan,Rajan Pur,District,Rural,Manufacturing,2640703,502.28,5257.5,64.0,68.0,57.98,100926.0,30.17,10.75,828,37,61.95,54.87,4334,485.9,23.8,34.95,2040.0,5861.0,11.62,31.95,63.41
2015,Punjab,Faisalabad,Faisalabad,District,Semi-Urban,Mining,4188249,2419.07,1731.3,58.96,62.56,46.3,112103.0,36.79,14.0,1587,58,66.79,65.0,918,312.6,25.8,33.92,2900.0,7390.0,19.07,43.74,62.85
2016,Punjab,Faisalabad,Faisalabad,District,Rural,Manufacturing,4271242,1098.75,3887.4,53.99,57.06,43.18,98088.0,31.82,11.39,1280,43,58.67,61.29,1866,281.8,19.6,15.45,3640.0,5875.0,51.99,46.23,62.94
2017,Punjab,Faisalabad,Faisalabad,District,Rural,Manufacturing,4450418,622.45,7149.9,62.53,69.64,53.74,102744.0,25.05,10.76,999,72,57.09,65.67,7483,426.7,30.4,13.16,4707.0,3930.0,23.95,40.05,60.89
2018,Punjab,Faisalabad,Faisalabad,District,Rural,Mining,4625706,1565.28,2955.2,59.56,70.14,39.76,84602.0,33.12,11.37,933,60,56.09,60.46,1171,424.3,22.0,32.14,1693.0,2644.0,21.18,44.45,58.09
2019,Punjab,Faisalabad,Faisalabad,District,Urban,Services,4379936,1713.1,2556.7,60.39,72.1,45.71,58259.0,41.1,8.32,2189,65,65.29,70.56,942,238.9,23.2,26.0,1895.0,1800.0,43.38,44.66,65.81
2020,Punjab,Faisalabad,Faisalabad,District,Rural,Construction,4837937,1749.47,2765.4,63.26,72.07,47.09,129954.0,30.41,10.79,1735,50,70.24,69.78,1264,281.9,30.9,15.73,3038.0,7666.0,11.37,39.16,62.5
2021,Punjab,Faisalabad,Faisalabad,District,Urban,Construction,4755097,832.49,5711.9,70.68,76.45,59.71,132872.0,22.67,7.4,1686,114,72.06,61.34,5982,476.7,21.0,20.38,4301.0,9157.0,11.67,37.94,62.71
2022,Punjab,Faisalabad,Faisalabad,District,Urban,Construction,4958792,5098.61,972.6,70.7,81.42,61.62,66406.0,32.66,10.5,1150,87,67.85,69.68,1001,520.8,18.3,22.84,3312.0,2109.0,20.57,34.86,65.46
2023,Punjab,Faisalabad,Faisalabad,District,Urban,Services,5066459,1079.79,4692.1,64.68,74.88,54.17,138427.0,30.11,10.48,1233,57,68.94,69.82,4188,314.6,19.2,22.39,4310.0,7204.0,34.51,41.49,63.19
2024,Punjab,Faisalabad,Faisalabad,District,Semi-Urban,Services,4731462,1525.83,3100.9,77.36,84.3,61.08,131773.0,19.11,10.01,1876,73,76.64,72.7,3613,317.0,29.4,25.87,2977.0,5288.0,34.4,39.99,67.68
2015,Punjab,Faisalabad,Jhang,District,Semi-Urban,Education,1875079,483.17,3880.8,62.44,67.85,55.26,94892.0,24.64,12.47,518,23,69.54,59.94,1721,567.3,31.8,28.21,4172.0,3376.0,38.47,44.51,62.88
2016,Punjab,Faisalabad,Jhang,District,Urban,Manufacturing,1932093,339.02,5699.1,61.31,72.66,56.25,66945.0,30.88,10.3,860,29,56.86,62.14,5503,216.8,19.5,30.61,2713.0,4118.0,39.91,40.08,63.54
2017,Punjab,Faisalabad,Jhang,District,Rural,Education,1959369,289.27,6773.5,60.63,70.15,49.51,77587.0,36.57,9.4,628,20,62.41,67.92,5957,287.6,22.9,20.92,1914.0,4481.0,14.79,41.38,60.76
2018,Punjab,Faisalabad,Jhang,District,Semi-Urban,Education,2041992,283.65,7198.9,56.36,61.39,40.02,108947.0,27.39,11.57,416,23,58.15,66.22,2785,478.0,22.3,30.12,4841.0,3371.0,19.42,45.9,61.14
2019,Punjab,Faisalabad,Jhang,District,Urban,Construction,1957229,1034.01,1892.9,60.73,69.71,49.68,66667.0,28.51,12.09,452,44,58.46,70.64,1206,368.8,23.0,37.0,1941.0,3651.0,23.51,40.42,63.42
2020,Punjab,Faisalabad,Jhang,District,Semi-Urban,Construction,2205453,445.54,4950.0,57.77,67.3,40.8,109198.0,33.2,17.4,546,22,59.49,56.14,4552,302.3,24.6,29.13,4216.0,4809.0,44.64,45.91,62.22
2021,Punjab,Faisalabad,Jhang,District,Rural,Construction,2295400,3256.07,705.0,62.48,71.64,46.62,100708.0,29.57,10.72,1084,33,69.82,62.61,452,417.5,19.2,17.2,3033.0,5453.0,51.5,42.29,61.28
2022,Punjab,Faisalabad,Jhang,District,Urban,Agriculture,2179608,469.27,4644.7,60.29,62.57,45.16,89726.0,31.21,7.66,530,32,63.46,53.14,3492,473.5,26.3,21.79,3041.0,5194.0,32.78,48.66,61.73
2023,Punjab,Faisalabad,Jhang,District,Rural,Agriculture,2191866,405.69,5402.8,65.35,70.25,57.91,144283.0,29.39,8.5,1021,29,69.29,65.37,4960,560.9,22.1,12.62,7078.0,4772.0,24.91,41.33,63.97
2024,Punjab,Faisalabad,Jhang,District,Rural,Education,2281827,670.18,3404.8,57.81,65.65,39.83,88640.0,42.43,10.44,538,28,54.68,56.67,2384,320.9,21.1,28.34,3636.0,5892.0,32.2,42.44,61.11
2015,Punjab,Faisalabad,Toba Tek Singh,District,Rural,Construction,1686959,221.97,7600.0,63.54,71.89,48.13,101344.0,23.02,11.55,457,25,62.69,67.99,2509,208.2,25.4,21.74,3353.0,5886.0,14.78,42.02,65.46
2016,Punjab,Faisalabad,Toba Tek Singh,District,Rural,Manufacturing,1706651,240.94,7083.4,66.65,69.51,61.28,58640.0,21.58,11.69,427,24,67.59,61.51,4968,571.1,19.9,23.75,2926.0,2635.0,18.41,48.0,63.28
2017,Punjab,Faisalabad,Toba Tek Singh,District,Urban,Healthcare,1743345,271.34,6425.0,54.06,56.18,38.54,58926.0,33.35,8.34,681,26,57.05,50.6,1997,259.0,19.9,8.32,2106.0,2394.0,12.7,49.05,61.5
2018,Punjab,Faisalabad,Toba Tek Singh,District,Rural,Education,1807450,274.44,6586.0,63.18,66.9,54.96,78269.0,26.04,8.17,610,33,64.06,57.97,5184,465.6,24.7,26.08,3453.0,2806.0,34.89,43.99,65.34
2019,Punjab,Faisalabad,Toba Tek Singh,District,Urban,Services,1777626,255.45,6958.9,69.49,75.1,51.89,96423.0,25.8,5.44,806,25,77.35,70.39,4632,298.8,28.5,19.32,4105.0,3058.0,20.14,51.82,65.38
2020,Punjab,Faisalabad,Toba Tek Singh,District,Urban,Construction,1844460,948.53,1944.5,65.46,76.95,53.27,90232.0,29.96,8.89,441,29,65.66,72.37,1713,289.9,30.7,25.89,3850.0,3275.0,32.93,35.99,65.16
2021,Punjab,Faisalabad,Toba Tek Singh,District,Semi-Urban,Construction,1956062,310.57,6298.2,52.22,57.92,37.6,84251.0,36.62,10.15,593,46,48.0,46.09,5574,556.7,20.0,30.52,4179.0,3678.0,27.7,42.42,60.14
2022,Punjab,Faisalabad,Toba Tek Singh,District,Urban,Healthcare,2087585,282.3,7395.0,73.97,82.79,60.57,113345.0,25.41,8.3,457,30,73.89,78.02,6038,535.8,26.3,18.17,3863.0,3813.0,36.97,44.92,65.3
2023,Punjab,Faisalabad,Toba Tek Singh,District,Urban,Mining,2011564,459.53,4377.5,66.0,77.06,56.31,94101.0,32.45,9.93,516,36,63.43,61.53,2066,315.6,25.2,22.64,4627.0,3545.0,50.82,34.88,66.44
2024,Punjab,Faisalabad,Toba Tek Singh,District,Semi-Urban,Education,1987348,767.64,2588.9,68.96,72.86,53.64,126530.0,32.6,6.67,523,24,64.89,70.88,2041,514.8,29.2,12.79,3750.0,7835.0,40.87,41.93,63.48
2015,Punjab,Gujranwala,Gujarat,District,Rural,Services,4189113,592.43,7071.1,63.79,68.25,51.34,100272.0,23.32,7.63,1069,80,69.26,70.83,8055,273.2,27.1,7.49,3386.0,4377.0,31.8,45.33,63.05
2016,Punjab,Gujranwala,Gujarat,District,Rural,Healthcare,4257681,2970.71,1433.2,53.06,64.4,40.63,57576.0,35.13,9.91,1360,58,53.65,46.43,787,524.8,21.6,33.8,2132.0,2186.0,34.78,43.63,64.06
2017,Punjab,Gujranwala,Gujarat,District,Urban,Services,4284108,544.86,7862.7,51.68,54.23,34.66,84961.0,32.09,11.23,1131,62,52.32,46.32,3119,272.4,23.1,24.28,3063.0,2982.0,48.12,55.21,62.96
2018,Punjab,Gujranwala,Gujarat,District,Urban,Mining,4346853,1182.98,3674.5,56.32,60.73,47.06,110940.0,31.12,11.05,2050,54,51.59,50.1,2989,590.7,28.1,29.21,3107.0,5780.0,19.92,42.46,60.04
2019,Punjab,Gujranwala,Gujarat,District,Rural,Services,4733573,1017.35,4652.8,60.42,63.33,41.11,69011.0,30.62,11.68,1604,88,66.47,67.86,4785,281.3,26.6,18.55,1638.0,2750.0,43.32,50.1,61.17
2020,Punjab,Gujranwala,Gujarat,District,Rural,Manufacturing,4628749,912.6,5072.1,67.92,78.42,50.01,78202.0,20.97,10.4,989,48,65.32,57.8,1979,468.5,24.1,14.71,1756.0,4575.0,30.08,30.99,64.48
2021,Punjab,Gujranwala,Gujarat,District,Semi-Urban,Construction,4747202,1403.02,3383.6,57.01,64.25,40.16,120914.0,38.19,9.82,1234,75,59.42,53.89,2560,552.7,24.9,20.52,3825.0,5766.0,24.49,34.47,61.4
2022,Punjab,Gujranwala,Gujarat,District,Urban,Construction,4653651,4308.23,1080.2,57.85,67.0,48.73,74810.0,25.29,13.42,1031,57,54.59,57.25,907,287.2,22.9,23.81,2550.0,2317.0,50.43,51.24,65.5
2023,Punjab,Gujranwala,Gujarat,District,Urban,Services,5447634,950.41,5731.9,65.39,76.48,49.53,85630.0,31.67,10.32,1622,61,64.68,62.48,3515,352.4,24.9,3.67,2404.0,5691.0,14.03,40.01,66.74
2024,Punjab,Gujranwala,Gujarat,District,Semi-Urban,Manufacturing,4853722,2264.36,2143.5,64.68,68.97,58.96,80571.0,23.27,5.4,1292,68,66.18,58.89,821,214.5,23.3,23.34,3292.0,2578.0,41.82,37.27,67.95
2015,Punjab,Gujranwala,Gujranwala 1,District,Semi-Urban,Education,1570856,582.09,2698.6,68.29,71.21,59.81,81811.0,27.48,9.7,343,27,75.2,62.63,2711,324.6,25.3,15.54,3776.0,5291.0,12.35,43.02,61.74
2016,Punjab,Gujranwala,Gujranwala 1,District,Semi-Urban,Mining,1615668,401.22,4026.9,60.41,65.1,43.81,72719.0,31.74,11.97,494,32,54.62,70.57,1657,441.1,19.1,41.76,2463.0,4395.0,45.24,44.57,61.0
2017,Punjab,Gujranwala,Gujranwala 1,District,Urban,Agriculture,1660314,221.64,7491.1,54.04,56.61,41.47,65123.0,29.54,12.94,606,40,61.47,61.26,5409,405.3,18.3,29.72,2956.0,2584.0,16.07,53.48,62.02
2018,Punjab,Gujranwala,Gujranwala 1,District,Rural,Services,1692750,265.58,6373.7,66.93,78.76,61.3,83013.0,23.82,9.99,499,25,70.89,71.16,4555,264.8,26.5,18.94,3650.0,4740.0,16.12,54.3,65.64
2019,Punjab,Gujranwala,Gujranwala 1,District,Urban,Construction,1699514,481.55,3529.2,69.74,79.25,53.5,98842.0,18.81,12.52,475,17,76.91,66.35,1588,442.2,28.1,39.96,4521.0,3464.0,33.56,31.55,67.46
2020,Punjab,Gujranwala,Gujranwala 1,District,Rural,Healthcare,1658439,208.34,7960.4,62.54,72.04,50.23,64910.0,27.12,13.23,366,35,69.85,60.81,6962,319.8,18.3,24.99,1585.0,4194.0,19.7,47.33,65.11
2021,Punjab,Gujranwala,Gujranwala 1,District,Semi-Urban,Construction,1873097,348.94,5368.0,56.07,62.72,44.07,121730.0,25.99,11.67,644,34,50.71,52.2,2240,375.6,24.8,27.78,5939.0,4847.0,49.71,42.78,63.44
2022,Punjab,Gujranwala,Gujranwala 1,District,Rural,Agriculture,1727101,1371.11,1259.6,66.08,76.3,56.68,116250.0,27.43,13.86,553,28,73.12,73.91,1436,548.8,19.1,15.76,5354.0,5717.0,34.82,51.39,63.64
2023,Punjab,Gujranwala,Gujranwala 1,District,Urban,Construction,1823429,245.91,7414.9,65.37,72.59,57.09,81272.0,21.81,13.2,730,18,61.03,69.79,4453,307.8,18.3,24.86,3120.0,3566.0,11.09,45.03,67.06
2024,Punjab,Gujranwala,Gujranwala 1,District,Rural,Manufacturing,1847117,283.77,6509.2,65.61,75.1,52.39,99191.0,34.43,10.22,491,19,70.43,64.44,7418,405.6,27.3,20.73,3108.0,5597.0,32.77,34.81,64.96
2015,Punjab,Gujranwala,Gujranwala 2,District,Urban,Construction,3449804,2202.12,1566.6,70.27,74.21,50.96,69163.0,27.36,10.45,727,75,69.0,67.61,1597,216.8,22.2,25.78,3216.0,3256.0,35.62,32.85,69.33
2016,Punjab,Gujranwala,Gujranwala 2,District,Urban,Agriculture,3533305,1699.01,2079.6,62.87,66.53,44.14,121899.0,24.42,9.05,710,70,57.15,67.99,773,514.8,21.1,38.95,4119.0,8042.0,40.27,43.1,67.35
2017,Punjab,Gujranwala,Gujranwala 2,District,Rural,Healthcare,3627420,527.28,6879.5,64.97,72.24,50.0,124765.0,25.94,11.58,745,65,66.86,73.01,6500,525.8,22.6,26.46,4442.0,5135.0,40.05,36.02,65.53
2018,Punjab,Gujranwala,Gujranwala 2,District,Urban,Healthcare,3713390,1690.6,2196.5,61.78,73.3,50.7,122351.0,31.67,8.77,1796,53,60.52,62.69,1168,399.5,28.1,29.76,5472.0,6387.0,23.52,35.44,65.82
2019,Punjab,Gujranwala,Gujranwala 2,District,Urban,Manufacturing,3899582,508.33,7671.3,58.89,64.2,47.6,74158.0,28.36,10.68,1149,79,54.48,60.9,6603,345.2,28.4,33.14,3593.0,4191.0,13.65,43.06,59.5
2020,Punjab,Gujranwala,Gujranwala 2,District,Rural,Construction,3987132,4302.17,926.8,69.5,76.36,59.88,132130.0,24.5,7.7,1239,60,68.76,78.64,768,333.5,23.2,24.01,4249.0,8453.0,54.9,38.99,69.76
2021,Punjab,Gujranwala,Gujranwala 2,District,Urban,Agriculture,3820624,2199.92,1736.7,63.66,71.07,58.54,110472.0,32.02,11.13,1542,64,62.95,55.77,1981,232.8,29.1,27.73,4840.0,6396.0,32.17,54.26,63.55
2022,Punjab,Gujranwala,Gujranwala 2,District,Urban,Services,3797099,941.26,4034.1,64.25,67.12,49.26,67019.0,26.71,9.47,1809,66,70.48,68.18,2408,567.2,27.8,25.53,1419.0,3573.0,17.43,41.23,63.44
2023,Punjab,Gujranwala,Gujranwala 2,District,Urban,Services,4532371,680.46,6660.7,57.03,64.29,42.8,117527.0,29.79,12.3,1758,90,57.19,68.35,2829,243.0,26.3,20.06,3981.0,7533.0,47.43,38.65,62.25
2024,Punjab,Gujranwala,Gujranwala 2,District,Rural,Services,3907373,895.84,4361.7,62.03,68.55,49.94,135400.0,29.6,11.97,1119,73,60.08,60.59,2461,335.5,20.3,31.02,5574.0,6234.0,52.83,46.92,65.55
2015,Punjab,Gujranwala,Gujrat,District,Rural,Manufacturing,5362611,1901.67,2819.9,73.01,76.09,66.24,117953.0,22.07,9.92,1799,98,67.94,65.16,2680,231.8,26.2,17.46,3359.0,5108.0,30.2,36.2,69.97
2016,Punjab,Gujranwala,Gujrat,District,Rural,Services,5459131,1327.62,4112.0,66.71,77.67,51.07,69287.0,21.27,11.83,1690,56,70.06,70.14,1812,491.8,22.2,26.44,1784.0,2262.0,39.53,45.89,63.63
2017,Punjab,Gujranwala,Gujrat,District,Rural,Construction,5478900,2291.12,2391.4,63.17,68.44,56.18,115647.0,32.52,15.97,2140,78,66.73,61.65,2134,483.7,22.5,29.52,5637.0,6946.0,53.5,42.34,65.4
2018,Punjab,Gujranwala,Gujrat,District,Semi-Urban,Services,5888989,839.03,7018.8,58.66,65.79,51.56,69398.0,30.51,12.66,2362,107,54.19,67.37,7837,333.8,18.6,33.14,2889.0,3242.0,32.29,39.18,60.41
2019,Punjab,Gujranwala,Gujrat,District,Urban,Education,6018608,1031.42,5835.2,66.48,71.81,58.32,105735.0,20.72,10.72,1367,96,59.88,66.17,5658,529.7,25.0,27.03,2982.0,4824.0,39.64,48.65,63.4
2020,Punjab,Gujranwala,Gujrat,District,Rural,Services,6014755,807.42,7449.3,67.69,79.66,58.34,105672.0,31.27,9.34,2322,69,71.89,58.33,4464,585.7,26.3,21.78,3405.0,5821.0,30.54,39.66,64.36
2021,Punjab,Gujranwala,Gujrat,District,Urban,Agriculture,6395630,902.48,7086.8,70.51,75.51,58.77,99425.0,25.28,9.76,1336,67,72.59,64.55,7335,326.1,26.3,19.13,3982.0,5288.0,39.34,36.14,63.06
2022,Punjab,Gujranwala,Gujrat,District,Urban,Construction,6154474,2773.34,2219.2,64.12,71.47,47.07,63082.0,31.03,10.66,2309,68,61.29,54.55,698,219.1,19.1,26.77,2905.0,3741.0,50.48,43.52,64.73
2023,Punjab,Gujranwala,Gujrat,District,Urban,Education,6749498,1077.03,6266.8,64.39,75.64,46.56,132483.0,24.32,10.71,1691,96,66.65,65.41,3733,420.9,28.9,30.15,4816.0,5036.0,27.51,35.65,64.49
2024,Punjab,Gujranwala,Gujrat,District,Urban,Manufacturing,6823292,1275.07,5351.3,69.13,75.29,54.05,73613.0,26.35,11.34,1409,165,64.17,73.75,5117,303.3,27.2,13.54,2270.0,4461.0,50.77,39.42,64.28
2015,Punjab,Gujranwala,Hafizabad,District,Urban,Manufacturing,2662582,503.07,5292.7,57.52,67.11,40.97,98026.0,35.49,15.92,1194,53,53.59,67.64,2127,581.4,18.9,20.1,3288.0,3417.0,22.15,48.16,60.8
2016,Punjab,Gujranwala,Hafizabad,District,Rural,Education,2740196,686.81,3989.7,57.63,61.52,46.81,107129.0,33.0,9.71,1158,34,56.04,50.65,1262,515.6,22.9,30.03,5080.0,6661.0,52.52,37.75,61.38
2017,Punjab,Gujranwala,Hafizabad,District,Rural,Healthcare,2823815,2894.0,975.7,65.56,67.86,51.09,60341.0,25.84,10.22,1158,56,71.23,66.42,957,391.5,30.9,24.96,1394.0,3047.0,48.41,36.85,65.09
2018,Punjab,Gujranwala,Hafizabad,District,Rural,Healthcare,2911977,1511.87,1926.1,67.95,79.08,53.1,71509.0,31.11,7.32,744,33,72.37,59.1,1371,597.2,21.2,29.43,2121.0,3200.0,32.25,35.11,64.88
2019,Punjab,Gujranwala,Hafizabad,District,Semi-Urban,Manufacturing,3025951,1583.77,1910.6,72.94,78.09,67.83,60185.0,23.67,8.1,815,73,75.62,69.45,2022,335.5,28.5,11.65,2277.0,3157.0,30.86,41.68,65.74
2020,Punjab,Gujranwala,Hafizabad,District,Urban,Services,2838979,674.73,4207.6,49.84,54.96,40.08,69826.0,39.72,7.74,569,33,49.97,54.86,1409,213.0,29.7,28.9,1620.0,4718.0,47.0,56.74,64.37
2021,Punjab,Gujranwala,Hafizabad,District,Urban,Construction,3117186,545.03,5719.3,73.86,80.84,63.4,141963.0,19.53,8.07,700,31,70.68,79.78,1832,592.5,31.7,13.49,7018.0,6120.0,43.24,39.31,68.06
2022,Punjab,Gujranwala,Hafizabad,District,Rural,Healthcare,3225882,430.95,7485.6,57.39,61.21,39.06,135441.0,29.8,7.91,846,35,57.09,50.68,2776,305.7,22.7,27.91,2908.0,5751.0,19.55,35.87,64.0
2023,Punjab,Gujranwala,Hafizabad,District,Rural,Agriculture,3347183,455.57,7347.3,73.1,76.1,58.23,129628.0,21.0,11.96,1494,40,79.82,79.54,4266,418.4,30.7,19.53,6007.0,4371.0,28.16,35.33,67.81
2024,Punjab,Gujranwala,Hafizabad,District,Semi-Urban,Mining,3135495,2053.79,1526.7,58.88,61.95,47.79,132297.0,28.98,15.59,1373,32,53.06,67.88,1687,217.0,29.3,18.93,3629.0,5737.0,17.15,40.01,65.72
2015,Punjab,Gujranwala,Narowal 1,District,Semi-Urban,Education,2122515,1659.44,1279.1,53.35,57.74,38.12,98647.0,41.13,11.54,478,31,58.95,47.88,985,495.1,29.5,22.67,2782.0,6095.0,28.36,50.07,63.34
2016,Punjab,Gujranwala,Narowal 1,District,Rural,Services,2184930,474.29,4606.7,57.2,65.11,46.13,65666.0,31.33,13.24,1003,41,61.48,52.47,2498,411.1,22.8,32.47,2528.0,4307.0,50.98,45.48,58.38
2017,Punjab,Gujranwala,Narowal 1,District,Rural,Manufacturing,2241611,444.82,5039.4,55.65,63.45,38.43,72502.0,30.27,10.84,1118,47,58.94,62.23,2112,476.5,26.1,24.88,1537.0,5070.0,53.52,43.85,59.5
2018,Punjab,Gujranwala,Narowal 1,District,Urban,Manufacturing,2310033,410.27,5630.5,63.64,65.78,46.19,110065.0,32.08,14.75,962,43,71.67,65.59,3954,460.7,28.0,29.2,2687.0,6155.0,14.81,49.71,61.67
2019,Punjab,Gujranwala,Narowal 1,District,Urban,Education,2235772,285.56,7829.4,63.28,67.16,52.45,85624.0,25.72,12.64,712,31,61.08,67.05,4059,543.1,20.0,25.69,2968.0,3507.0,39.96,39.65,61.38
2020,Punjab,Gujranwala,Narowal 1,District,Semi-Urban,Construction,2244327,564.35,3976.9,58.57,61.98,40.35,59364.0,29.47,13.99,1027,24,53.61,58.96,3945,315.6,23.8,26.71,2030.0,3592.0,22.57,42.54,56.8
2021,Punjab,Gujranwala,Narowal 1,District,Urban,Healthcare,2275029,820.14,2774.0,63.96,70.35,51.76,97794.0,35.54,11.65,851,43,70.53,71.16,1417,585.4,21.8,21.79,3381.0,3790.0,16.01,34.49,64.98
2022,Punjab,Gujranwala,Narowal 1,District,Urban,Mining,2677011,356.71,7504.8,62.52,71.98,45.53,105350.0,33.88,12.84,1149,32,64.1,66.94,8716,308.7,27.2,24.82,2446.0,6948.0,10.91,47.59,59.02
2023,Punjab,Gujranwala,Narowal 1,District,Urban,Services,2415653,314.43,7682.6,61.42,63.45,41.76,85649.0,30.73,10.42,503,26,63.89,70.7,7618,568.7,26.8,17.92,3691.0,4007.0,53.14,49.81,65.28
2024,Punjab,Gujranwala,Narowal 1,District,Rural,Mining,2503942,1314.21,1905.3,68.89,79.31,57.87,109222.0,23.77,10.85,596,30,68.38,72.48,1183,308.8,20.8,26.41,3429.0,6006.0,37.07,40.63,64.86
2015,Punjab,Gujranwala,Narowal 2,District,Rural,Healthcare,5796602,1824.78,3176.6,53.53,64.49,46.98,109330.0,37.26,10.51,1355,80,55.57,54.12,1078,425.0,27.7,25.73,3719.0,5619.0,20.41,61.07,61.66
2016,Punjab,Gujranwala,Narowal 2,District,Urban,Services,5961604,752.41,7923.3,51.26,59.13,46.08,59717.0,32.76,13.39,1635,71,49.44,47.86,6962,348.4,18.5,31.63,2788.0,3925.0,15.41,47.31,58.18
2017,Punjab,Gujranwala,Narowal 2,District,Semi-Urban,Healthcare,5940510,1167.48,5088.3,69.88,74.65,57.74,120733.0,28.15,9.7,2604,107,71.87,74.33,4713,575.3,21.4,24.51,2438.0,7689.0,17.52,35.07,66.24
2018,Punjab,Gujranwala,Narowal 2,District,Rural,Education,6341977,1767.27,3588.6,73.38,78.94,63.14,71806.0,24.75,9.11,2119,139,74.78,80.87,1607,311.1,24.0,22.76,3028.0,4971.0,30.36,32.1,66.24
2019,Punjab,Gujranwala,Narowal 2,District,Semi-Urban,Mining,6380719,3282.12,1944.1,61.58,64.2,52.16,108472.0,29.55,12.66,1428,118,56.1,55.93,818,530.9,20.8,23.9,2553.0,7212.0,30.23,37.0,63.59
2020,Punjab,Gujranwala,Narowal 2,District,Urban,Education,6247789,879.82,7101.2,68.05,73.8,62.94,108560.0,29.58,8.36,2155,76,63.56,59.11,7517,560.5,24.6,27.91,3540.0,3625.0,33.99,42.49,63.37
2021,Punjab,Gujranwala,Narowal 2,District,Rural,Mining,6298582,1743.36,3612.9,71.64,82.65,58.68,66841.0,22.92,9.35,1906,76,66.97,75.17,4284,485.5,30.4,33.08,3114.0,2426.0,36.63,39.54,67.37
2022,Punjab,Gujranwala,Narowal 2,District,Rural,Agriculture,7371427,1550.34,4754.7,61.03,70.36,52.82,107286.0,25.86,9.45,1516,112,64.09,67.77,2266,311.7,21.6,22.79,3097.0,6534.0,44.73,39.03,61.95
2023,Punjab,Gujranwala,Narowal 2,District,Rural,Education,6878510,1415.18,4860.5,69.99,75.94,56.59,72446.0,29.51,6.11,1566,144,63.8,74.24,4684,413.4,30.0,29.83,1743.0,3674.0,39.23,33.95,67.71
2024,Punjab,Gujranwala,Narowal 2,District,Rural,Services,7142842,4932.21,1448.2,75.97,83.34,65.88,87110.0,18.87,10.78,1512,101,77.48,82.26,1149,296.6,25.7,10.91,3906.0,2767.0,21.68,33.66,70.88
2015,Punjab,Gujranwala,Sialkot,District,Urban,Education,3713701,577.99,6425.2,66.79,76.39,60.58,60500.0,26.18,12.79,906,81,62.33,65.62,3525,368.8,26.9,23.22,2748.0,1888.0,30.74,37.99,67.65
2016,Punjab,Gujranwala,Sialkot,District,Rural,Construction,3821907,605.23,6314.8,68.38,71.19,53.82,107165.0,24.43,10.44,938,41,72.39,59.8,7311,266.0,28.4,10.27,2459.0,6574.0,40.96,36.28,67.76
2017,Punjab,Gujranwala,Sialkot,District,Urban,Services,3890111,607.26,6406.0,60.58,67.62,43.66,80909.0,28.55,10.71,916,50,65.31,71.26,3425,325.1,27.4,26.44,1825.0,5058.0,23.04,47.1,62.29
2018,Punjab,Gujranwala,Sialkot,District,Rural,Mining,3999351,981.23,4075.8,61.04,66.18,44.22,98558.0,36.71,11.5,1151,42,56.08,55.4,2817,505.3,25.0,20.97,2049.0,5319.0,31.1,48.24,64.56
2019,Punjab,Gujranwala,Sialkot,District,Semi-Urban,Services,3865561,1650.47,2342.1,57.75,62.11,44.31,77398.0,28.24,16.78,1273,63,57.4,59.41,1781,412.0,23.7,18.6,3848.0,3466.0,16.72,38.58,63.79
2020,Punjab,Gujranwala,Sialkot,District,Rural,Construction,3926863,2210.12,1776.8,63.93,71.95,55.33,83570.0,26.66,9.41,1052,46,65.83,55.13,1521,387.9,23.7,8.71,3643.0,2564.0,37.64,32.98,67.98
2021,Punjab,Gujranwala,Sialkot,District,Rural,Mining,4322154,573.27,7539.5,68.89,79.24,58.02,112557.0,30.05,9.09,905,84,62.97,63.91,8472,218.8,19.7,27.91,4745.0,4555.0,15.59,45.62,69.24
2022,Punjab,Gujranwala,Sialkot,District,Rural,Manufacturing,4515862,847.52,5328.3,54.9,63.38,47.09,143190.0,31.96,10.77,1239,66,62.62,51.65,2341,277.5,28.1,24.36,3145.0,8286.0,27.99,48.63,60.12
2023,Punjab,Gujranwala,Sialkot,District,Urban,Education,4541652,2549.29,1781.5,64.34,73.51,53.04,90030.0,32.22,11.28,1222,56,68.87,62.84,1889,263.4,21.4,24.78,2964.0,3076.0,26.57,45.93,64.45
2024,Punjab,Gujranwala,Sialkot,District,Rural,Manufacturing,5018395,1265.76,3964.7,64.32,69.22,53.71,88889.0,22.49,13.08,2364,79,72.07,67.3,2628,262.7,31.2,26.97,2389.0,5069.0,49.31,35.07,65.17
2015,Punjab,Lahore,Kasur,District,Rural,Mining,2929112,380.69,7694.1,66.21,73.97,56.85,70981.0,29.91,6.5,618,70,60.86,63.83,8653,364.5,21.9,23.48,1468.0,2771.0,46.66,32.32,63.53
2016,Punjab,Lahore,Kasur,District,Rural,Services,2966382,517.64,5730.5,59.06,67.8,43.6,69441.0,28.37,7.43,834,33,57.28,64.71,5261,253.7,26.5,28.46,1509.0,4452.0,25.3,40.17,63.31
2017,Punjab,Lahore,Kasur,District,Rural,Agriculture,3023417,1462.69,2067.0,60.97,65.19,50.05,120222.0,31.53,11.95,703,49,67.3,56.98,787,326.0,27.9,36.31,4970.0,5793.0,16.36,43.01,63.9
2018,Punjab,Lahore,Kasur,District,Rural,Agriculture,3123609,2186.88,1428.3,62.44,70.88,55.42,121014.0,26.22,10.85,1456,31,59.81,54.9,1562,471.5,24.9,29.29,5524.0,7132.0,54.97,39.28,63.0
2019,Punjab,Lahore,Kasur,District,Rural,Agriculture,3347025,657.69,5089.1,57.18,64.7,46.07,127670.0,37.31,12.27,952,39,56.37,56.39,1575,384.7,25.0,25.3,3261.0,8019.0,48.88,40.01,60.51
2020,Punjab,Lahore,Kasur,District,Rural,Services,3477716,2673.95,1300.6,66.86,73.58,56.2,61440.0,23.13,7.48,802,74,62.09,68.78,1243,569.7,21.4,9.91,2746.0,3308.0,41.63,38.8,63.03
2021,Punjab,Lahore,Kasur,District,Semi-Urban,Healthcare,3579995,485.42,7375.0,56.99,65.03,50.85,134617.0,26.15,11.57,770,44,57.17,60.64,5703,338.3,30.4,24.59,5810.0,5583.0,46.38,39.08,61.54
2022,Punjab,Lahore,Kasur,District,Rural,Mining,3445828,990.89,3477.5,64.48,75.9,48.64,81611.0,33.42,12.47,1004,38,66.83,69.94,1506,362.9,20.4,13.04,2220.0,3346.0,37.3,36.44,62.78
2023,Punjab,Lahore,Kasur,District,Urban,Healthcare,3390218,1404.63,2413.6,61.37,67.04,55.73,71216.0,27.47,6.36,1607,39,66.19,54.77,1457,414.4,31.2,28.14,2476.0,3263.0,10.96,41.81,65.35
2024,Punjab,Lahore,Kasur,District,Urban,Manufacturing,3527967,4161.87,847.7,63.0,74.9,55.11,136701.0,23.52,12.98,864,75,58.63,69.16,529,207.2,18.6,15.36,4366.0,7422.0,33.41,45.28,60.54
2015,Punjab,Lahore,Lahore,District,Urban,Mining,5421003,961.71,5636.8,60.1,62.62,49.99,77267.0,24.87,10.65,2444,56,57.28,70.14,2621,507.0,21.6,30.75,2871.0,3818.0,29.34,37.9,64.65
2016,Punjab,Lahore,Lahore,District,Rural,Healthcare,5590061,1186.78,4710.3,61.64,66.68,54.9,82260.0,27.8,10.18,1187,72,70.23,69.02,3650,316.2,31.5,22.6,2749.0,3106.0,34.95,32.66,65.48
2017,Punjab,Lahore,Lahore,District,Urban,Construction,5611968,1019.75,5503.3,53.65,56.19,37.79,88509.0,35.64,13.71,1537,59,50.33,46.53,5074,293.5,23.2,21.26,1818.0,5566.0,40.02,46.59,61.68
2018,Punjab,Lahore,Lahore,District,Rural,Mining,5798361,1193.98,4856.3,61.78,71.85,52.95,129529.0,32.12,6.69,2642,101,64.21,71.21,4543,485.9,24.3,31.32,5014.0,7129.0,28.13,44.12,61.54
2019,Punjab,Lahore,Lahore,District,Rural,Mining,6081642,1832.37,3319.0,62.46,74.27,47.29,101233.0,23.14,11.56,1400,105,64.5,65.18,1878,440.1,28.2,35.58,3650.0,4520.0,30.53,43.06,61.92
2020,Punjab,Lahore,Lahore,District,Rural,Manufacturing,5973571,2529.56,2361.5,66.7,70.64,47.07,134165.0,31.54,11.28,1997,129,60.35,66.7,938,323.8,26.7,17.07,6061.0,8356.0,17.88,31.26,63.17
2021,Punjab,Lahore,Lahore,District,Urban,Construction,5947760,940.8,6322.0,66.59,70.14,53.22,124272.0,21.22,12.47,1808,80,74.34,57.7,6242,448.9,18.3,21.3,6110.0,3880.0,38.81,46.39,65.96
2022,Punjab,Lahore,Lahore,District,Urban,Manufacturing,6272027,2223.13,2821.3,67.64,72.08,57.21,125387.0,23.4,12.85,1298,75,68.68,61.9,2515,468.1,26.4,10.31,4619.0,3849.0,52.75,34.22,67.88
2023,Punjab,Lahore,Lahore,District,Rural,Healthcare,6892236,13177.22,523.0,65.93,68.23,54.41,89130.0,24.22,13.79,2271,106,69.29,75.67,226,560.9,25.9,24.78,3362.0,3953.0,46.21,26.93,65.46
2024,Punjab,Lahore,Lahore,District,Rural,Education,6884711,2759.08,2495.3,70.08,76.9,64.85,105063.0,18.0,9.6,1582,109,68.74,67.7,2613,229.1,29.6,31.31,4882.0,6373.0,29.17,40.46,66.05
2015,Punjab,Lahore,Nankana Sahib,District,Rural,Agriculture,5364000,722.06,7428.7,64.89,75.39,48.3,73906.0,29.39,13.59,2272,59,70.06,63.13,7942,259.6,26.2,34.08,3324.0,2703.0,22.24,37.63,66.11
2016,Punjab,Lahore,Nankana Sahib,District,Urban,Agriculture,5518527,1001.93,5507.9,59.76,65.63,40.06,52599.0,28.15,9.22,1558,72,67.39,58.58,4965,599.4,19.6,11.71,2337.0,2282.0,19.09,27.87,65.32
2017,Punjab,Lahore,Nankana Sahib,District,Semi-Urban,Healthcare,5737585,6676.49,859.4,63.21,68.43,45.34,115747.0,26.92,7.52,2609,80,66.07,59.32,394,317.2,26.5,18.17,4501.0,4379.0,30.39,44.03,65.13
2018,Punjab,Lahore,Nankana Sahib,District,Semi-Urban,Education,5769031,1609.88,3583.5,57.69,62.51,46.05,88670.0,31.09,9.27,2373,68,55.23,54.63,4116,206.7,24.9,32.16,4129.0,5235.0,17.3,41.81,62.11
2019,Punjab,Lahore,Nankana Sahib,District,Rural,Manufacturing,6015551,4077.74,1475.2,63.06,68.9,50.95,88906.0,32.92,12.06,2494,146,68.73,68.52,1193,396.8,26.8,35.99,4265.0,2905.0,12.15,40.65,66.61
2020,Punjab,Lahore,Nankana Sahib,District,Rural,Manufacturing,6201565,824.2,7524.3,67.48,78.79,60.49,60915.0,26.02,4.27,1541,111,75.29,61.33,3629,381.5,19.2,14.29,2892.0,2805.0,26.1,42.42,66.28
2021,Punjab,Lahore,Nankana Sahib,District,Urban,Healthcare,6100671,1532.1,3981.9,63.73,67.92,53.04,136178.0,22.85,14.91,2333,61,70.98,67.74,3034,231.4,20.3,20.75,5459.0,4806.0,28.99,42.55,66.43
2022,Punjab,Lahore,Nankana Sahib,District,Urban,Services,6263483,2028.83,3087.2,59.04,70.66,53.31,110681.0,26.62,9.79,2649,117,54.26,63.55,1058,318.7,21.7,26.74,5083.0,4622.0,48.91,46.45,61.9
2023,Punjab,Lahore,Nankana Sahib,District,Rural,Education,5858087,1568.98,3733.7,63.85,75.13,50.84,135022.0,21.9,13.8,2052,135,64.24,67.91,3777,532.8,23.6,25.29,5403.0,4971.0,50.73,48.85,63.63
2024,Punjab,Lahore,Nankana Sahib,District,Urban,Mining,6115015,3573.78,1711.1,55.43,66.73,46.51,67787.0,27.32,12.49,2685,87,62.2,57.84,1354,273.0,26.8,40.23,2850.0,3366.0,28.89,41.04,60.85
2015,Punjab,Lahore,Okara,District,Urban,Manufacturing,4967980,1344.46,3695.2,53.17,58.36,37.95,66903.0,40.38,9.1,1109,53,55.95,62.73,3012,539.2,20.5,29.2,2241.0,3984.0,11.31,52.66,61.8
2016,Punjab,Lahore,Okara,District,Urban,Mining,5078868,1107.84,4584.5,64.64,71.6,46.72,101755.0,27.65,12.47,1298,79,72.08,57.32,4593,391.3,18.9,10.54,2482.0,6278.0,50.51,42.24,62.81
2017,Punjab,Lahore,Okara,District,Rural,Agriculture,5159844,1132.87,4554.7,66.21,75.0,46.33,54268.0,30.75,7.93,2290,57,62.29,68.86,4552,331.2,20.2,41.09,1963.0,2599.0,39.68,44.11,64.86
2018,Punjab,Lahore,Okara,District,Semi-Urban,Agriculture,5158489,1081.28,4770.7,52.05,63.74,38.53,75413.0,41.5,11.92,1228,72,58.39,47.73,3825,592.7,19.9,16.2,2717.0,4319.0,43.97,44.2,56.36
2019,Punjab,Lahore,Okara,District,Rural,Manufacturing,5291152,1159.34,4563.9,60.33,71.84,43.35,105115.0,21.64,11.71,1216,57,68.59,53.82,4089,567.4,29.9,37.51,3812.0,7253.0,41.13,40.85,63.98
2020,Punjab,Lahore,Okara,District,Rural,Construction,5619595,1305.3,4305.2,59.88,68.35,45.43,113627.0,27.07,9.6,1954,117,67.13,57.65,3717,494.2,25.2,23.24,4003.0,7783.0,22.76,42.69,62.29
2021,Punjab,Lahore,Okara,District,Rural,Mining,5889972,1088.47,5411.2,62.41,74.14,49.33,63803.0,28.63,8.56,2589,61,59.7,63.93,3824,379.0,24.7,39.41,2004.0,2113.0,18.4,38.28,62.39
2022,Punjab,Lahore,Okara,District,Urban,Healthcare,5919521,1080.66,5477.7,58.59,65.56,47.04,122889.0,29.41,12.39,1749,77,60.12,60.64,5755,542.8,26.0,41.05,3638.0,6522.0,48.05,48.14,64.75
2023,Punjab,Lahore,Okara,District,Semi-Urban,Education,5928826,922.21,6429.0,62.47,71.43,51.94,129190.0,36.03,8.21,1648,73,56.24,65.97,7105,472.9,29.1,37.3,3980.0,9015.0,49.74,41.96,64.34
2024,Punjab,Lahore,Okara,District,Urban,Mining,5912279,1047.89,5642.1,64.21,69.96,54.07,121512.0,29.83,9.77,1594,141,59.66,60.17,3689,416.7,28.9,11.6,4594.0,4599.0,21.3,32.1,64.63
2015,Punjab,Lahore,Okara 1,District,Urban,Mining,2997314,566.89,5287.3,58.4,69.06,40.4,71003.0,27.1,8.65,768,62,60.55,61.16,6033,307.7,23.5,24.92,2145.0,2597.0,18.76,46.89,63.93
2016,Punjab,Lahore,Okara 1,District,Rural,Mining,3033252,1025.06,2959.1,68.98,76.73,61.46,100194.0,30.65,10.39,842,50,76.92,68.3,1478,565.6,22.8,21.73,4092.0,4382.0,28.16,39.4,66.31
2017,Punjab,Lahore,Okara 1,District,Rural,Healthcare,3150272,2487.08,1266.7,62.95,70.14,48.27,103626.0,24.93,9.4,687,32,58.25,67.72,1016,347.7,18.4,20.42,2121.0,4437.0,53.03,40.65,64.42
2018,Punjab,Lahore,Okara 1,District,Semi-Urban,Construction,3201345,478.78,6686.5,56.95,68.21,43.29,106264.0,32.37,9.85,1197,61,60.68,50.81,5610,470.2,25.2,13.01,2651.0,4034.0,15.09,40.27,60.15
2019,Punjab,Lahore,Okara 1,District,Rural,Manufacturing,3384332,1490.81,2270.1,65.97,76.24,59.35,82934.0,24.21,9.93,772,74,64.83,63.96,2170,235.3,22.1,27.35,2570.0,5428.0,19.1,43.02,62.63
2020,Punjab,Lahore,Okara 1,District,Rural,Education,3482110,508.78,6844.1,58.41,68.88,49.42,96635.0,35.45,11.0,974,64,58.96,66.68,6995,218.3,31.4,33.03,2755.0,5874.0,41.37,44.14,64.89
2021,Punjab,Lahore,Okara 1,District,Rural,Agriculture,3223106,1761.32,1829.9,63.15,73.5,49.08,123932.0,23.77,9.86,1023,44,71.8,67.6,996,409.5,25.9,25.0,2961.0,7905.0,44.1,49.42,63.37
2022,Punjab,Lahore,Okara 1,District,Urban,Mining,3518564,1130.51,3112.4,68.45,73.7,62.58,134350.0,26.74,10.24,1414,72,66.57,74.37,2097,523.8,24.0,19.88,5727.0,6927.0,44.78,39.98,68.45
2023,Punjab,Lahore,Okara 1,District,Rural,Healthcare,3429733,2231.96,1536.6,70.44,76.66,54.45,138909.0,24.45,13.44,832,48,78.15,77.74,899,311.8,26.9,28.7,5748.0,7577.0,26.37,40.58,68.31
2024,Punjab,Lahore,Okara 1,District,Rural,Healthcare,3410251,443.75,7685.0,72.66,83.49,54.9,77980.0,23.92,6.97,720,34,77.58,70.32,4427,332.9,19.9,8.45,3055.0,4168.0,11.93,37.67,65.4
2015,Punjab,Lahore,Sheikhupura,District,Urban,Education,5734861,1078.01,5319.9,70.41,77.21,60.55,67077.0,21.26,10.25,1280,57,65.1,66.37,4626,327.0,20.9,16.39,2459.0,2501.0,33.48,40.83,67.14
2016,Punjab,Lahore,Sheikhupura,District,Semi-Urban,Construction,5806599,843.56,6883.4,63.85,75.76,46.1,73771.0,31.03,10.53,1624,92,66.26,74.18,7633,396.3,25.0,32.75,3221.0,4336.0,19.99,45.81,64.32
2017,Punjab,Lahore,Sheikhupura,District,Semi-Urban,Healthcare,5935198,972.7,6101.8,54.25,56.94,35.0,83920.0,31.3,8.44,2484,65,63.59,60.18,2779,567.7,22.0,16.36,3046.0,5258.0,19.83,42.45,59.43
2018,Punjab,Lahore,Sheikhupura,District,Rural,Manufacturing,6237954,6418.53,971.9,64.22,66.3,53.57,69879.0,25.91,9.6,2398,128,70.42,54.73,654,321.9,19.3,16.11,2424.0,2666.0,14.04,41.01,63.92
2019,Punjab,Lahore,Sheikhupura,District,Rural,Services,6301080,1402.16,4493.8,62.28,68.92,52.03,83806.0,30.32,6.89,1465,98,66.64,66.24,3621,270.8,20.5,6.01,2344.0,2969.0,21.72,44.36,64.67
2020,Punjab,Lahore,Sheikhupura,District,Rural,Agriculture,6143726,8244.36,745.2,68.54,72.95,53.68,104153.0,27.52,10.14,2531,135,73.94,75.36,592,496.8,23.4,22.49,2651.0,4956.0,14.6,40.08,66.38
2021,Punjab,Lahore,Sheikhupura,District,Semi-Urban,Services,6197825,6357.3,974.9,53.78,65.35,34.28,98959.0,34.76,15.89,1525,119,60.21,60.28,451,570.3,27.2,30.74,2440.0,6750.0,51.67,55.98,59.88
2022,Punjab,Lahore,Sheikhupura,District,Semi-Urban,Manufacturing,7185598,2001.81,3589.6,63.97,71.5,54.42,80629.0,23.26,13.96,2858,156,63.98,60.91,2127,541.5,19.1,17.83,2492.0,5528.0,16.47,45.27,61.59
2023,Punjab,Lahore,Sheikhupura,District,Urban,Construction,7249743,1592.92,4551.2,69.32,76.25,53.17,138315.0,24.68,12.47,2448,75,66.39,61.37,2552,489.9,24.5,22.34,6675.0,7309.0,17.27,38.7,65.26
2024,Punjab,Lahore,Sheikhupura,District,Semi-Urban,Manufacturing,6646440,1009.99,6580.7,63.49,69.88,45.58,89070.0,31.08,12.89,1536,86,68.02,57.57,4581,378.7,29.5,34.19,2215.0,3852.0,18.41,33.8,62.65
2015,Punjab,Multan,Khanewal,District,Urban,Agriculture,4631859,631.91,7330.0,61.0,68.19,41.81,102663.0,35.1,13.98,1114,87,65.52,68.2,7557,255.3,31.3,38.18,4372.0,3485.0,15.88,41.99,65.76
2016,Punjab,Multan,Khanewal,District,Urban,Mining,4770031,741.91,6429.4,63.71,75.11,49.61,80345.0,21.33,6.48,1039,65,59.94,71.82,4842,306.1,25.8,10.43,3689.0,3819.0,49.82,43.07,63.14
2017,Punjab,Multan,Khanewal,District,Rural,Healthcare,4886211,826.02,5915.3,60.92,72.15,43.94,104123.0,24.32,11.79,1054,61,60.19,56.52,5866,414.0,30.9,14.16,2713.0,4282.0,45.57,39.26,59.06
2018,Punjab,Multan,Khanewal,District,Rural,Healthcare,4880068,913.78,5340.6,60.85,64.95,53.41,124279.0,27.96,10.57,1098,53,63.38,53.92,2051,226.6,29.7,33.67,5390.0,6924.0,42.76,41.16,63.08
2019,Punjab,Multan,Khanewal,District,Semi-Urban,Agriculture,4900354,647.88,7563.7,73.56,76.13,60.89,128338.0,30.56,7.91,1153,61,67.59,66.5,6193,310.9,30.1,25.03,6387.0,4274.0,47.05,39.61,65.87
2020,Punjab,Multan,Khanewal,District,Urban,Construction,5296214,1045.6,5065.2,63.96,75.2,45.96,98528.0,23.51,8.88,2258,82,67.07,69.0,3646,246.2,20.2,21.03,3922.0,3167.0,53.21,43.09,67.84
2021,Punjab,Multan,Khanewal,District,Urban,Mining,5376126,4597.83,1169.3,66.33,75.56,54.63,121470.0,22.13,12.22,2299,83,61.64,59.99,1150,248.4,28.1,9.3,5827.0,4606.0,39.78,37.31,64.38
2022,Punjab,Multan,Khanewal,District,Rural,Agriculture,5527457,7107.69,777.7,63.3,73.41,45.15,123748.0,23.15,8.17,1487,83,62.03,64.53,338,464.1,24.4,31.37,5389.0,4584.0,44.95,42.08,63.37
2023,Punjab,Multan,Khanewal,District,Urban,Agriculture,5105828,1089.15,4687.9,65.66,73.62,58.64,66561.0,29.07,15.49,1603,71,72.92,73.01,4950,430.6,22.6,15.79,2512.0,3862.0,26.9,35.0,63.19
2024,Punjab,Multan,Khanewal,District,Urban,Education,5495004,929.5,5911.8,74.07,82.03,59.06,152400.0,23.09,8.07,1215,124,77.79,76.06,4877,522.1,21.0,20.42,6813.0,9305.0,15.77,39.81,68.46
2015,Punjab,Multan,Lodhran,District,Urban,Education,2350392,1217.4,1930.7,57.87,62.46,40.18,60648.0,38.45,15.08,489,32,60.18,56.94,1931,505.0,19.8,28.91,1260.0,4221.0,13.37,45.22,64.42
2016,Punjab,Multan,Lodhran,District,Urban,Healthcare,2428553,755.69,3213.7,58.48,70.12,42.69,82119.0,33.61,13.13,976,45,60.05,50.91,2672,439.6,18.9,24.19,2658.0,2891.0,29.4,41.58,65.66
2017,Punjab,Multan,Lodhran,District,Rural,Agriculture,2500800,329.55,7588.6,56.06,65.08,50.95,92416.0,28.37,12.5,1077,42,64.75,50.83,3981,551.4,26.8,21.71,2194.0,5050.0,48.99,44.86,58.56
2018,Punjab,Multan,Lodhran,District,Urban,Services,2588583,612.99,4222.9,62.96,71.73,51.32,85863.0,29.36,14.09,545,33,62.19,71.38,2350,323.3,18.9,37.18,3890.0,5824.0,54.91,34.22,60.07
2019,Punjab,Multan,Lodhran,District,Semi-Urban,Healthcare,2507247,1642.54,1526.4,68.65,71.88,51.9,121811.0,39.79,7.65,565,37,61.83,59.24,1710,223.8,19.7,26.14,5332.0,6353.0,19.32,35.27,64.52
2020,Punjab,Multan,Lodhran,District,Rural,Agriculture,2501126,401.73,6225.8,61.94,68.42,46.89,90548.0,31.19,8.65,1101,50,63.49,63.54,6733,406.7,29.4,20.1,2105.0,3958.0,16.67,40.84,63.57
2021,Punjab,Multan,Lodhran,District,Rural,Services,2517603,583.76,4312.7,69.13,74.01,51.94,67752.0,25.65,10.93,780,54,63.03,73.02,3203,332.9,31.6,18.62,1761.0,3118.0,53.65,36.68,66.32
2022,Punjab,Multan,Lodhran,District,Urban,Mining,2570228,4075.06,630.7,62.16,69.12,48.22,79162.0,26.08,11.57,777,42,68.83,66.36,192,378.7,27.8,11.93,2056.0,4500.0,19.21,45.67,63.41
2023,Punjab,Multan,Lodhran,District,Rural,Mining,3019386,857.94,3519.3,61.77,64.56,44.42,81865.0,33.77,12.96,675,31,62.18,57.59,1817,375.0,23.5,15.01,1977.0,5252.0,36.33,37.5,68.65
2024,Punjab,Multan,Lodhran,District,Rural,Construction,2581478,1034.65,2495.0,63.55,70.02,56.81,71652.0,29.15,12.07,795,56,71.67,66.56,1027,210.0,18.9,27.01,1975.0,2206.0,31.85,39.39,67.49
2015,Punjab,Multan,Multan,District,Rural,Agriculture,4571327,604.59,7561.1,62.11,66.6,57.06,87984.0,24.42,10.65,2074,55,67.25,69.95,4423,452.4,21.8,16.56,2214.0,3539.0,54.89,38.82,65.34
2016,Punjab,Multan,Multan,District,Urban,Construction,4686621,952.11,4922.3,60.97,65.2,48.57,55184.0,34.12,10.4,1189,61,62.32,70.07,4091,513.3,25.4,23.07,2238.0,3452.0,12.93,48.95,62.66
2017,Punjab,Multan,Multan,District,Urban,Manufacturing,4751864,1763.46,2694.6,69.3,73.96,57.1,94256.0,29.19,6.48,1469,75,63.86,63.23,2656,314.7,18.7,30.95,3120.0,3623.0,20.5,29.23,67.59
2018,Punjab,Multan,Multan,District,Rural,Healthcare,4954905,1004.58,4932.3,68.25,72.89,50.91,94025.0,20.55,8.14,1728,66,63.13,70.22,5865,522.8,18.9,9.86,3743.0,2920.0,49.75,34.92,62.97
2019,Punjab,Multan,Multan,District,Urban,Agriculture,4980864,749.16,6648.6,64.07,74.11,58.66,96860.0,35.19,15.93,1375,99,59.0,55.56,7078,263.3,27.3,25.15,4558.0,5020.0,38.25,47.14,64.69
2020,Punjab,Multan,Multan,District,Rural,Construction,5411777,1654.81,3270.3,65.15,76.12,46.64,65720.0,27.92,8.98,1318,70,66.33,65.47,3814,597.2,26.2,39.49,2756.0,3385.0,13.76,38.51,64.48
2021,Punjab,Multan,Multan,District,Semi-Urban,Construction,5321510,713.48,7458.5,59.07,62.45,49.51,139216.0,30.26,14.92,1509,59,65.93,69.62,8593,571.2,30.5,35.68,6474.0,7083.0,44.1,51.3,62.77
2022,Punjab,Multan,Multan,District,Urban,Education,5562673,706.69,7871.4,61.21,67.4,48.11,82221.0,36.23,14.76,1131,89,69.08,62.81,3025,224.7,18.4,32.34,3723.0,5236.0,24.41,46.54,62.89
2023,Punjab,Multan,Multan,District,Urban,Construction,5335331,1074.03,4967.6,63.82,73.73,49.96,71938.0,25.41,8.11,2345,67,58.69,57.4,3992,556.4,27.4,20.03,2528.0,3491.0,37.0,34.7,68.33
2024,Punjab,Multan,Multan,District,Urban,Mining,5902496,738.47,7992.9,70.58,81.62,63.81,117879.0,22.4,12.17,1232,86,73.05,65.33,5444,435.5,21.2,29.28,3612.0,3744.0,13.98,32.3,68.42
2015,Punjab,Multan,Pakpattan,District,Urban,Education,5845216,2221.77,2630.9,65.85,73.66,46.88,63038.0,24.97,10.41,1248,71,67.63,62.63,2375,351.0,19.5,26.85,2014.0,2630.0,48.65,44.42,61.2
2016,Punjab,Multan,Pakpattan,District,Rural,Manufacturing,5910268,1613.84,3662.2,61.6,66.25,50.16,94886.0,31.31,10.94,1508,65,61.08,63.29,1312,488.1,31.1,25.98,1931.0,4975.0,33.03,46.01,66.32
2017,Punjab,Multan,Pakpattan,District,Semi-Urban,Manufacturing,5992913,762.54,7859.2,69.53,77.27,56.99,64374.0,31.01,10.63,1954,70,74.96,67.24,4238,417.0,19.8,22.44,2060.0,3725.0,45.52,42.64,67.32
2018,Punjab,Multan,Pakpattan,District,Urban,Agriculture,6124848,1624.92,3769.3,74.42,76.64,68.4,58782.0,11.89,9.13,1236,96,69.25,83.01,2148,410.9,26.4,30.25,1554.0,3714.0,47.49,40.25,72.46
2019,Punjab,Multan,Pakpattan,District,Urban,Education,6443529,1085.54,5935.8,69.29,72.37,53.57,115314.0,26.95,10.69,2096,75,71.35,75.19,3958,599.4,30.2,13.27,2308.0,4320.0,19.6,32.64,66.43
2020,Punjab,Multan,Pakpattan,District,Rural,Services,6334756,2177.54,2909.1,63.72,73.22,44.38,131517.0,29.15,9.4,1792,98,69.04,68.17,1198,564.0,23.0,20.45,3014.0,5618.0,32.3,47.0,67.32
2021,Punjab,Multan,Pakpattan,District,Rural,Manufacturing,6233959,2336.0,2668.6,56.54,66.02,37.87,76588.0,28.0,6.77,2990,84,56.92,49.33,2482,502.2,24.8,21.12,2898.0,4054.0,44.76,49.91,61.14
2022,Punjab,Multan,Pakpattan,District,Semi-Urban,Agriculture,6885050,1510.6,4557.8,56.65,62.79,45.01,66222.0,33.9,7.52,1457,171,57.0,64.82,4596,258.2,21.8,33.5,2993.0,3636.0,48.15,51.6,59.26
2023,Punjab,Multan,Pakpattan,District,Rural,Mining,7577550,996.54,7603.9,70.45,78.64,59.51,118580.0,26.07,10.24,2083,98,71.48,75.98,4889,299.6,31.7,8.01,3483.0,7791.0,29.82,36.38,66.08
2024,Punjab,Multan,Pakpattan,District,Urban,Services,6522576,2652.38,2459.1,70.52,79.39,64.64,96735.0,31.66,10.92,2218,81,65.13,72.22,1283,489.0,27.5,34.66,4630.0,6343.0,31.5,29.92,67.49
2015,Punjab,Multan,Sahiwal,District,Rural,Education,1389702,378.81,3668.6,70.03,74.51,58.71,83265.0,16.66,12.41,332,25,71.97,74.58,1515,422.1,23.5,14.49,2951.0,3364.0,53.91,31.12,68.37
2016,Punjab,Multan,Sahiwal,District,Semi-Urban,Construction,1416536,342.05,4141.3,68.85,72.64,55.15,56439.0,31.16,9.59,659,18,71.74,64.55,4964,254.4,25.4,22.69,2284.0,2312.0,23.2,34.02,68.62
2017,Punjab,Multan,Sahiwal,District,Urban,Construction,1481717,290.51,5100.4,64.51,69.66,45.54,116260.0,32.72,8.99,449,22,62.97,63.55,5001,264.7,29.5,18.98,3511.0,7638.0,48.93,39.75,60.15
2018,Punjab,Multan,Sahiwal,District,Urban,Construction,1493406,530.72,2813.9,56.88,62.57,39.02,113874.0,31.79,14.85,505,28,62.91,64.45,2827,211.6,19.8,28.85,5196.0,4256.0,45.95,55.86,60.1
2019,Punjab,Multan,Sahiwal,District,Urban,Manufacturing,1507022,1662.57,906.4,66.98,70.58,51.85,111021.0,19.65,15.72,472,25,69.4,61.51,396,221.5,27.7,22.7,2823.0,6715.0,18.4,35.43,62.28
2020,Punjab,Multan,Sahiwal,District,Rural,Agriculture,1544132,377.75,4087.7,57.71,62.52,51.52,135142.0,34.66,11.14,388,26,53.95,55.37,2596,226.9,18.4,35.62,6645.0,6775.0,54.26,46.25,58.45
2021,Punjab,Multan,Sahiwal,District,Rural,Mining,1697568,387.75,4378.0,59.5,65.46,46.76,104207.0,30.9,13.68,536,38,64.96,70.17,1817,206.0,24.6,18.61,4818.0,3847.0,41.99,49.6,61.98
2022,Punjab,Multan,Sahiwal,District,Urban,Agriculture,1650657,430.91,3830.7,61.96,65.6,53.01,141485.0,30.29,11.75,378,40,67.79,61.59,1656,597.7,23.7,30.78,3300.0,5176.0,46.54,40.5,62.83
2023,Punjab,Multan,Sahiwal,District,Semi-Urban,Healthcare,1566689,260.44,6015.6,62.81,69.42,49.83,86246.0,28.42,13.4,336,25,62.98,67.32,5245,491.8,30.1,9.4,2678.0,3501.0,25.77,42.43,65.09
2024,Punjab,Multan,Sahiwal,District,Urban,Construction,1703078,1194.69,1425.5,62.79,65.26,43.54,94027.0,28.84,12.17,463,20,64.06,70.94,754,344.8,28.5,10.7,3722.0,3893.0,40.41,38.75,62.45
2015,Punjab,Multan,Vehari,District,Urban,Construction,3592377,525.1,6841.3,59.36,69.01,46.3,110151.0,35.73,4.62,1610,74,56.33,69.15,6252,593.9,22.0,29.42,4254.0,6898.0,42.89,44.56,59.45
2016,Punjab,Multan,Vehari,District,Rural,Construction,3635922,576.98,6301.7,60.05,70.73,54.59,83235.0,36.1,6.41,847,66,58.45,63.88,5775,496.9,24.8,28.4,3711.0,5486.0,34.98,48.11,64.42
2017,Punjab,Multan,Vehari,District,Urban,Healthcare,3729018,815.66,4571.8,58.42,62.36,42.7,55016.0,33.43,10.39,846,84,64.34,68.9,5399,530.7,21.6,10.06,1637.0,2851.0,27.4,50.79,60.97
2018,Punjab,Multan,Vehari,District,Rural,Healthcare,3933995,546.13,7203.5,61.76,64.8,47.25,75551.0,25.0,8.45,1314,73,60.17,53.21,4730,568.3,27.8,41.21,2586.0,3133.0,13.11,42.83,61.97
2019,Punjab,Multan,Vehari,District,Rural,Services,4084628,1321.86,3090.1,69.03,73.13,51.64,121886.0,25.64,9.13,1622,73,75.88,77.78,2841,304.7,24.0,20.42,4175.0,6677.0,34.08,37.74,66.92
2020,Punjab,Multan,Vehari,District,Semi-Urban,Mining,3990801,3061.26,1303.6,60.81,68.17,53.96,120948.0,33.84,9.52,1016,50,68.38,66.21,1166,328.2,27.0,28.99,5591.0,7186.0,53.22,39.72,62.35
2021,Punjab,Multan,Vehari,District,Urban,Manufacturing,4291926,1162.53,3691.9,68.05,73.19,48.15,107008.0,22.25,10.28,1141,60,63.57,75.58,3890,476.2,18.9,28.28,2476.0,6805.0,36.04,28.84,69.66
2022,Punjab,Multan,Vehari,District,Semi-Urban,Mining,4329629,1929.31,2244.1,76.93,80.25,69.31,83949.0,19.24,13.48,977,47,84.04,76.2,1983,585.4,27.9,15.82,3171.0,3065.0,19.17,32.67,69.81
2023,Punjab,Multan,Vehari,District,Rural,Mining,4075152,3198.64,1274.0,74.08,81.74,54.92,113534.0,17.04,9.87,827,41,76.56,72.97,1376,356.8,29.4,20.89,5418.0,6638.0,54.25,39.62,65.54
2024,Punjab,Multan,Vehari,District,Rural,Agriculture,4444261,2790.23,1592.8,69.98,76.6,57.15,85361.0,22.07,13.96,2082,94,65.76,63.0,1782,200.8,18.9,27.15,3008.0,4717.0,27.07,36.94,61.95
2015,Punjab,Rawalpindi,Attok,District,Rural,Mining,4656622,1134.01,4106.3,55.55,66.72,46.21,105539.0,30.6,11.47,1474,114,51.24,53.12,2301,349.1,29.2,32.29,3122.0,4196.0,20.59,43.72,64.77
2016,Punjab,Rawalpindi,Attok,District,Rural,Services,4813015,780.91,6163.4,54.28,60.37,44.56,93828.0,26.22,15.63,1104,85,60.6,61.47,6464,420.1,19.9,44.77,4101.0,2946.0,54.21,41.83,61.27
2017,Punjab,Rawalpindi,Attok,District,Semi-Urban,Agriculture,4797027,7653.66,626.8,62.51,70.4,43.23,109878.0,28.54,11.07,1064,74,59.0,60.54,374,526.2,31.2,30.29,5174.0,3499.0,29.69,37.3,67.13
2018,Punjab,Rawalpindi,Attok,District,Urban,Manufacturing,4953590,1446.51,3424.5,69.51,78.55,53.88,122373.0,27.83,10.86,1765,111,76.13,66.94,4068,348.4,30.1,21.27,2453.0,5859.0,50.13,39.89,66.43
2019,Punjab,Rawalpindi,Attok,District,Urban,Manufacturing,5002991,754.08,6634.6,58.93,62.88,45.51,87925.0,26.55,12.48,1053,89,62.32,50.93,3747,446.1,23.1,22.88,2130.0,4517.0,28.89,40.37,61.39
2020,Punjab,Rawalpindi,Attok,District,Rural,Education,5247671,3096.35,1694.8,65.46,68.64,50.93,108142.0,32.78,10.43,1373,60,66.83,66.44,1515,423.2,25.3,23.21,3737.0,5902.0,33.81,36.05,64.19
2021,Punjab,Rawalpindi,Attok,District,Rural,Construction,5216475,1056.99,4935.2,69.68,71.91,61.13,91020.0,29.03,11.47,2052,77,63.88,68.32,5394,350.8,27.7,36.68,3907.0,4036.0,13.91,37.77,67.2
2022,Punjab,Rawalpindi,Attok,District,Rural,Manufacturing,5775172,1195.73,4829.8,68.57,79.55,49.42,115500.0,25.55,10.15,1285,112,61.94,77.84,5538,421.3,18.1,16.07,5026.0,5134.0,26.58,43.95,66.88
2023,Punjab,Rawalpindi,Attok,District,Rural,Healthcare,5575310,4030.33,1383.3,64.46,67.21,56.69,148292.0,25.14,12.3,1611,97,59.37,69.75,1454,395.3,23.4,24.84,5419.0,6112.0,34.38,42.24,62.67
2024,Punjab,Rawalpindi,Attok,District,Rural,Services,5826408,771.74,7549.7,68.0,78.11,56.26,119088.0,24.88,9.88,1761,115,63.32,76.66,7163,333.7,26.2,28.46,3691.0,7937.0,49.67,37.91,67.14
2015,Punjab,Rawalpindi,Chakwal,District,Urban,Agriculture,1706228,517.61,3296.4,56.73,67.42,49.83,97309.0,31.37,11.16,379,39,57.58,58.33,3096,201.2,26.1,33.47,1999.0,5777.0,32.36,42.09,64.75
2016,Punjab,Rawalpindi,Chakwal,District,Rural,Manufacturing,1725993,231.99,7440.1,62.36,69.06,44.64,80497.0,25.03,8.59,367,26,70.38,62.19,8389,284.5,19.9,35.06,3086.0,5272.0,17.99,48.04,65.85
2017,Punjab,Rawalpindi,Chakwal,District,Urban,Agriculture,1817656,1937.63,938.1,67.12,70.02,55.33,74305.0,26.38,4.38,525,22,74.09,67.38,610,264.4,21.7,18.02,3568.0,4976.0,54.72,36.6,63.18
2018,Punjab,Rawalpindi,Chakwal,District,Urban,Healthcare,1863741,453.35,4111.0,56.57,68.32,42.96,83456.0,34.53,13.4,856,30,59.35,62.05,2949,579.5,19.3,21.42,3690.0,5779.0,37.47,40.32,60.43
2019,Punjab,Rawalpindi,Chakwal,District,Semi-Urban,Construction,1893840,511.09,3705.5,61.32,64.68,44.0,81508.0,30.7,11.78,446,44,60.63,71.06,1348,544.9,24.2,1.12,2682.0,3469.0,11.97,48.32,66.27
2020,Punjab,Rawalpindi,Chakwal,District,Rural,Manufacturing,1796528,741.39,2423.2,63.79,68.72,53.88,134562.0,27.73,9.17,437,18,58.71,64.31,2466,514.1,25.9,20.88,4798.0,6261.0,46.48,36.69,61.9
2021,Punjab,Rawalpindi,Chakwal,District,Urban,Manufacturing,1965802,283.63,6931.0,58.81,67.05,52.49,78219.0,36.75,9.26,647,25,57.11,59.43,8176,246.2,29.7,36.42,2039.0,3319.0,42.44,46.49,59.02
2022,Punjab,Rawalpindi,Chakwal,District,Semi-Urban,Services,2006941,319.64,6278.8,64.05,72.89,53.0,80555.0,24.88,10.77,464,47,62.63,57.51,3089,509.9,27.3,25.78,3742.0,4964.0,13.09,45.08,67.15
2023,Punjab,Rawalpindi,Chakwal,District,Semi-Urban,Construction,1983470,318.4,6229.6,58.32,64.68,38.64,86660.0,28.94,17.05,443,32,66.27,57.99,2955,224.2,30.1,32.47,3158.0,6031.0,43.54,56.85,65.29
2024,Punjab,Rawalpindi,Chakwal,District,Urban,Construction,2323622,310.56,7482.1,64.24,72.55,47.28,145597.0,26.02,13.0,661,31,72.33,60.96,8406,291.1,30.9,24.16,5271.0,6295.0,48.24,49.82,64.34
2015,Punjab,Rawalpindi,Jhelum,District,Rural,Agriculture,1434432,247.95,5785.2,66.26,75.55,52.79,114037.0,23.23,9.47,451,21,64.67,57.92,4551,584.4,20.2,15.35,3421.0,6914.0,10.44,36.13,62.3
2016,Punjab,Rawalpindi,Jhelum,District,Semi-Urban,Agriculture,1452618,252.68,5748.8,66.71,76.5,60.21,87087.0,18.39,13.23,346,18,69.04,74.5,4834,239.9,19.2,13.15,3536.0,3108.0,52.36,35.59,66.37
2017,Punjab,Rawalpindi,Jhelum,District,Rural,Services,1522190,396.52,3838.9,56.84,61.99,38.05,104905.0,39.35,9.8,480,18,53.81,60.99,3565,362.4,26.7,32.57,2360.0,3890.0,51.4,51.19,60.94
2018,Punjab,Rawalpindi,Jhelum,District,Semi-Urban,Agriculture,1477968,976.04,1514.2,61.52,67.69,54.15,61874.0,35.33,9.28,446,25,67.27,63.61,561,548.8,18.8,37.38,1443.0,2387.0,46.56,45.9,61.01
2019,Punjab,Rawalpindi,Jhelum,District,Urban,Construction,1601880,225.97,7088.8,61.63,66.46,56.15,71414.0,21.55,11.78,326,20,65.77,57.58,2763,453.5,26.6,41.13,2377.0,2689.0,53.01,45.34,64.71
2020,Punjab,Rawalpindi,Jhelum,District,Urban,Services,1531851,1757.96,871.4,65.87,68.35,48.43,106024.0,30.67,12.1,500,18,69.4,68.87,1012,565.4,27.3,20.91,4099.0,7294.0,54.22,43.14,65.67
2021,Punjab,Rawalpindi,Jhelum,District,Urban,Agriculture,1706028,300.61,5675.2,66.6,75.58,54.0,61888.0,30.03,12.91,456,42,65.16,75.36,2070,551.3,24.0,23.99,1795.0,3375.0,44.21,33.5,64.29
2022,Punjab,Rawalpindi,Jhelum,District,Urban,Agriculture,1563073,289.21,5404.6,81.18,90.04,62.54,81238.0,21.57,10.02,336,20,75.68,79.91,3378,338.4,28.5,22.29,1797.0,2630.0,25.32,38.33,70.17
2023,Punjab,Rawalpindi,Jhelum,District,Urban,Agriculture,1875683,388.17,4832.1,64.65,73.82,51.45,113653.0,26.94,8.99,476,29,64.61,73.23,4834,529.7,18.8,37.46,5326.0,7938.0,31.49,39.33,65.79
2024,Punjab,Rawalpindi,Jhelum,District,Rural,Construction,1752834,1217.42,1439.8,68.96,79.58,49.16,128153.0,18.66,11.36,375,33,64.97,75.58,1067,322.7,27.8,4.48,4012.0,8192.0,10.92,37.25,62.28
2015,Punjab,Rawalpindi,Rawalpindi,District,Rural,Manufacturing,1976862,376.79,5246.6,65.91,68.97,58.16,65822.0,23.4,10.37,440,44,62.51,63.61,4322,302.0,30.6,21.65,2556.0,3716.0,34.18,38.31,64.75
2016,Punjab,Rawalpindi,Rawalpindi,District,Rural,Agriculture,2024933,945.67,2141.3,64.97,75.89,50.32,107098.0,20.45,8.77,760,33,59.9,55.53,1328,515.0,26.0,19.87,2160.0,6487.0,47.75,33.9,63.5
2017,Punjab,Rawalpindi,Rawalpindi,District,Rural,Education,2070968,478.47,4328.3,63.0,74.27,55.96,120009.0,22.81,11.62,758,42,70.24,55.32,2601,357.0,21.1,17.41,5911.0,7979.0,22.67,39.95,64.49
2018,Punjab,Rawalpindi,Rawalpindi,District,Rural,Construction,2087710,442.38,4719.3,64.0,73.71,47.94,120855.0,25.22,11.0,477,28,62.45,65.71,1612,274.4,20.4,10.68,5873.0,4787.0,24.03,45.64,64.27
2019,Punjab,Rawalpindi,Rawalpindi,District,Semi-Urban,Agriculture,2197247,339.08,6480.0,54.7,56.94,42.75,124928.0,38.66,13.08,472,45,54.78,56.91,7235,231.1,24.5,24.25,2928.0,7751.0,36.81,53.37,60.9
2020,Punjab,Rawalpindi,Rawalpindi,District,Urban,Mining,2303388,375.17,6139.5,66.97,69.65,52.07,76911.0,22.84,8.26,1141,44,70.78,60.29,6183,458.8,26.5,14.76,2743.0,5106.0,50.81,45.05,63.2
2021,Punjab,Rawalpindi,Rawalpindi,District,Rural,Education,2334058,492.25,4741.6,61.32,69.2,55.09,116629.0,23.95,9.66,707,27,62.73,56.35,3401,348.6,25.7,25.22,5736.0,4280.0,24.08,37.31,61.09
2022,Punjab,Rawalpindi,Rawalpindi,District,Semi-Urban,Construction,2386511,545.4,4375.7,59.76,70.34,44.27,94647.0,31.56,11.7,578,28,65.38,69.14,3709,391.5,28.7,23.74,2332.0,6279.0,13.02,40.7,60.12
2023,Punjab,Rawalpindi,Rawalpindi,District,Rural,Manufacturing,2352604,544.84,4318.0,59.02,65.79,43.18,79454.0,35.59,10.91,785,25,66.11,63.31,3437,598.2,19.9,40.24,3055.0,4089.0,10.05,33.36,63.1
2024,Punjab,Rawalpindi,Rawalpindi,District,Semi-Urban,Mining,2482559,1120.9,2214.8,69.12,72.44,60.95,140955.0,26.83,9.37,622,50,65.99,64.3,2154,394.9,21.9,27.33,3098.0,9720.0,43.72,42.66,62.71
2015,Punjab,Sargodha,Bhakkar,District,Urban,Healthcare,6142067,1066.65,5758.3,63.25,72.4,54.1,99317.0,31.61,10.15,1528,72,67.95,56.32,2407,453.6,31.7,18.51,4122.0,4958.0,16.72,39.03,63.98
2016,Punjab,Sargodha,Bhakkar,District,Urban,Manufacturing,6334081,896.09,7068.6,64.86,67.33,54.83,61439.0,23.28,9.67,2319,76,59.0,70.67,2138,252.3,19.3,0.0,3043.0,1984.0,21.41,43.87,64.28
2017,Punjab,Sargodha,Bhakkar,District,Urban,Mining,6489337,863.89,7511.8,71.43,80.27,54.91,97021.0,24.77,11.36,1954,96,70.25,72.41,2859,444.4,21.1,22.23,3927.0,6066.0,39.33,33.81,61.94
2018,Punjab,Sargodha,Bhakkar,District,Rural,Education,6799107,2482.3,2739.0,55.54,57.84,36.38,61230.0,35.38,11.77,1479,160,64.16,58.85,2155,582.3,21.1,18.03,1731.0,3356.0,21.16,42.66,61.79
2019,Punjab,Sargodha,Bhakkar,District,Urban,Construction,6643081,5991.78,1108.7,57.71,69.4,39.44,68945.0,33.02,14.79,1442,68,58.24,49.34,792,222.4,23.7,24.94,2937.0,4525.0,28.8,33.48,63.65
2020,Punjab,Sargodha,Bhakkar,District,Urban,Construction,6767358,905.46,7474.0,67.05,71.6,50.61,114338.0,27.09,9.2,3004,95,66.26,64.23,8735,321.3,22.0,24.94,3630.0,4328.0,39.52,44.65,64.92
2021,Punjab,Sargodha,Bhakkar,District,Urban,Healthcare,6822067,1160.29,5879.6,69.48,75.33,51.78,123434.0,23.65,7.08,1842,112,67.07,71.15,2385,266.9,20.7,5.81,3563.0,4428.0,29.52,44.62,67.08
2022,Punjab,Sargodha,Bhakkar,District,Urban,Agriculture,6836089,4465.58,1530.8,58.55,69.05,43.36,97091.0,32.21,8.57,1523,112,62.51,63.68,1194,306.6,20.1,16.16,3378.0,6743.0,38.63,34.62,61.8
2023,Punjab,Sargodha,Bhakkar,District,Urban,Manufacturing,8010689,1324.24,6049.3,68.25,77.08,54.24,117814.0,25.72,11.76,1672,163,65.03,64.23,4862,528.3,19.2,33.49,5201.0,7716.0,21.87,44.34,66.42
2024,Punjab,Sargodha,Bhakkar,District,Rural,Agriculture,7875321,3013.9,2613.0,75.24,86.74,66.56,151932.0,22.56,11.84,2328,80,81.05,77.29,2686,345.9,21.3,22.37,4137.0,5036.0,52.72,35.9,66.64
2015,Punjab,Sargodha,Khushab,District,Rural,Construction,5505838,1554.22,3542.5,54.37,59.06,40.92,86972.0,28.2,13.27,1763,66,54.48,55.55,2342,491.1,30.8,30.37,3597.0,5116.0,24.89,53.95,61.28
2016,Punjab,Sargodha,Khushab,District,Rural,Education,5697216,752.55,7570.6,61.7,66.41,41.83,103081.0,27.05,13.33,1199,94,58.52,71.78,6322,374.6,25.9,17.85,3616.0,7060.0,27.4,39.36,61.72
2017,Punjab,Sargodha,Khushab,District,Rural,Services,5634197,2164.77,2602.7,61.01,72.38,42.13,69156.0,24.6,13.25,2518,92,60.46,62.57,1970,563.3,26.0,20.93,3074.0,2587.0,51.27,37.97,63.36
2018,Punjab,Sargodha,Khushab,District,Rural,Manufacturing,5842453,913.03,6399.0,55.75,66.45,50.55,66325.0,29.53,11.34,1876,92,54.71,56.32,4038,245.1,30.9,8.84,2754.0,4609.0,22.43,40.48,60.25
2019,Punjab,Sargodha,Khushab,District,Rural,Services,5881610,784.38,7498.4,69.55,80.96,51.09,86852.0,27.9,9.99,2058,58,76.9,72.13,7491,433.4,21.5,33.1,4046.0,3347.0,46.75,41.59,64.22
2020,Punjab,Sargodha,Khushab,District,Urban,Mining,6390209,1777.59,3594.9,65.85,75.16,51.17,94818.0,26.14,11.26,1608,94,60.83,74.13,3737,561.5,18.4,30.12,4513.0,3383.0,32.31,41.07,65.21
2021,Punjab,Sargodha,Khushab,District,Rural,Mining,5949712,1288.55,4617.4,60.62,71.59,51.43,90806.0,29.28,13.83,2612,62,58.77,54.66,4699,345.1,31.6,20.46,2524.0,5790.0,29.48,35.76,61.08
2022,Punjab,Sargodha,Khushab,District,Urban,Healthcare,6601333,7635.39,864.6,59.38,69.34,46.44,119485.0,28.86,9.78,1890,84,55.89,63.43,374,526.3,18.4,28.79,5634.0,5796.0,49.39,38.16,64.73
2023,Punjab,Sargodha,Khushab,District,Rural,Manufacturing,6119735,1089.94,5614.8,63.32,71.62,44.45,101643.0,28.14,11.14,1900,118,57.04,59.4,5796,224.8,29.6,0.0,4876.0,3305.0,26.07,37.97,63.21
2024,Punjab,Sargodha,Khushab,District,Urban,Education,7386564,1376.02,5368.1,71.09,76.18,64.17,99149.0,27.13,14.77,1858,172,64.36,63.46,5700,542.5,20.5,28.24,2563.0,4662.0,24.39,34.13,64.51
2015,Punjab,Sargodha,Mianwali,District,Rural,Construction,4306174,668.85,6438.2,57.98,60.34,50.52,90009.0,28.08,16.65,999,81,58.16,65.41,5538,477.7,24.9,33.56,2748.0,3255.0,15.47,50.72,63.38
2016,Punjab,Sargodha,Mianwali,District,Rural,Healthcare,4432728,750.5,5906.3,58.1,69.76,42.31,64858.0,27.4,12.61,1165,86,63.18,66.5,5276,513.6,22.8,19.01,1712.0,2554.0,25.85,43.98,65.38
2017,Punjab,Sargodha,Mianwali,District,Rural,Healthcare,4429550,705.18,6281.4,57.31,64.05,46.86,100272.0,29.9,14.14,1330,54,54.43,59.16,6585,443.2,18.0,12.45,4357.0,3913.0,41.21,35.27,62.37
2018,Punjab,Sargodha,Mianwali,District,Semi-Urban,Agriculture,4511741,1048.13,4304.6,64.29,72.37,56.48,87444.0,33.04,7.04,917,66,59.24,55.63,4253,590.4,18.6,21.03,3866.0,5526.0,45.46,37.05,61.27
2019,Punjab,Sargodha,Mianwali,District,Urban,Manufacturing,4570372,7539.43,606.2,63.28,70.87,44.89,60353.0,30.29,12.84,1925,71,62.27,70.7,567,529.5,25.8,22.02,2952.0,3001.0,35.21,49.63,59.71
2020,Punjab,Sargodha,Mianwali,District,Semi-Urban,Manufacturing,4988254,672.02,7422.8,65.1,68.55,56.16,108807.0,34.14,11.63,1163,69,62.46,63.38,8788,280.1,24.2,28.99,5383.0,3881.0,54.09,44.44,62.68
2021,Punjab,Sargodha,Mianwali,District,Urban,Education,4681751,7471.02,626.7,59.25,62.79,43.14,118714.0,28.44,11.07,2019,61,57.13,53.44,544,424.1,27.4,25.97,3030.0,7048.0,46.71,48.2,58.75
2022,Punjab,Sargodha,Mianwali,District,Urban,Healthcare,4907314,2620.3,1872.8,62.69,71.05,45.2,67504.0,31.16,10.51,1051,49,61.49,60.72,1908,219.7,23.5,12.55,1485.0,3774.0,42.49,34.89,63.8
2023,Punjab,Sargodha,Mianwali,District,Urban,Services,5177011,919.94,5627.6,67.86,77.59,48.62,87997.0,22.85,9.78,1489,111,64.62,67.4,2440,326.1,30.0,35.19,4105.0,2892.0,39.39,44.25,67.16
2024,Punjab,Sargodha,Mianwali,District,Rural,Construction,5587687,1023.72,5458.2,62.8,67.93,52.0,82027.0,26.49,10.32,1584,97,62.51,64.79,1858,488.0,27.2,38.1,2424.0,4327.0,22.46,45.84,65.46
2015,Punjab,Sargodha,Sargodha,District,Rural,Agriculture,5322575,1631.61,3262.2,67.16,69.33,55.73,95859.0,20.79,11.17,1620,63,61.52,68.41,2670,567.3,22.8,29.94,2998.0,6652.0,52.0,44.16,62.92
2016,Punjab,Sargodha,Sargodha,District,Urban,Healthcare,5454433,1291.03,4224.9,61.42,70.09,41.78,84108.0,31.47,10.82,1235,125,67.33,68.43,3746,207.3,20.4,17.61,1925.0,4976.0,13.2,39.5,64.83
2017,Punjab,Sargodha,Sargodha,District,Semi-Urban,Mining,5453724,721.77,7556.0,64.46,70.52,49.75,76288.0,22.44,10.06,1468,64,64.47,73.73,5494,361.4,25.4,26.88,1696.0,3590.0,35.49,47.82,65.67
2018,Punjab,Sargodha,Sargodha,District,Rural,Mining,5855679,903.07,6484.2,65.95,73.71,55.86,72918.0,24.39,8.37,1181,114,65.92,63.84,4718,505.9,24.4,19.58,2650.0,3215.0,33.87,47.24,64.06
2019,Punjab,Sargodha,Sargodha,District,Rural,Mining,6014288,796.04,7555.3,64.43,69.71,47.88,129035.0,27.84,13.83,1483,63,68.46,60.94,6836,246.1,19.3,12.78,5622.0,7159.0,18.48,34.92,61.1
2020,Punjab,Sargodha,Sargodha,District,Urban,Services,5721006,6789.66,842.6,64.34,71.97,44.45,68952.0,30.68,10.11,2420,129,70.54,70.18,616,394.5,23.3,25.46,2850.0,2072.0,30.52,41.45,61.34
2021,Punjab,Sargodha,Sargodha,District,Rural,Healthcare,6012499,1734.05,3467.3,64.99,75.84,46.14,106469.0,20.82,15.92,2053,75,65.02,63.26,1668,429.0,26.3,28.16,4974.0,5011.0,14.01,42.06,65.73
2022,Punjab,Sargodha,Sargodha,District,Rural,Manufacturing,6761055,2269.04,2979.7,63.07,67.79,52.28,84211.0,27.34,11.98,3267,123,61.48,58.02,3476,279.7,26.2,39.85,2799.0,2897.0,29.2,45.56,65.57
2023,Punjab,Sargodha,Sargodha,District,Rural,Manufacturing,6529448,4267.2,1530.1,65.31,70.81,57.62,120603.0,28.61,12.09,1597,122,61.87,69.41,1096,437.4,28.1,18.08,4852.0,5676.0,17.27,41.08,64.84
2024,Punjab,Sargodha,Sargodha,District,Urban,Manufacturing,6132847,2148.03,2855.1,54.81,59.63,44.58,73496.0,30.07,14.12,2136,85,62.08,63.4,1623,505.4,26.6,16.86,2198.0,2974.0,39.59,51.14,63.71
2015,Sindh,Hyderabad,Badin,District,Rural,Education,3594716,1281.34,2805.4,65.34,74.87,51.5,89720.0,27.21,15.66,1296,80,72.26,67.78,3227,179.1,31.0,10.07,2490.0,4767.0,20.91,44.27,66.93
2016,Sindh,Hyderabad,Badin,District,Rural,Manufacturing,3656283,1449.59,2522.3,62.5,70.44,54.14,81880.0,25.1,11.43,1132,89,67.64,69.86,2131,239.9,20.4,27.37,2809.0,5519.0,32.52,39.31,64.45
2017,Sindh,Hyderabad,Badin,District,Urban,Manufacturing,3848578,855.46,4498.8,56.87,67.81,51.75,90326.0,35.63,11.53,892,53,64.05,53.73,1597,149.8,19.5,48.11,2276.0,5818.0,35.7,46.85,62.18
2018,Sindh,Hyderabad,Badin,District,Urban,Agriculture,3917094,1419.14,2760.2,64.57,67.88,47.56,80573.0,28.59,8.9,859,64,62.41,69.08,1435,182.6,22.7,23.88,1715.0,3314.0,45.0,31.71,65.75
2019,Sindh,Hyderabad,Badin,District,Urban,Education,3903577,522.79,7466.8,59.97,63.33,49.63,71203.0,34.79,8.32,1596,50,62.47,67.43,8044,128.3,28.3,23.45,2136.0,3257.0,15.17,44.74,59.32
2020,Sindh,Hyderabad,Badin,District,Rural,Manufacturing,3947618,1148.55,3437.0,62.26,65.05,42.7,101342.0,23.58,13.61,1319,65,66.2,62.35,3952,100.5,31.2,18.52,2821.0,4502.0,35.81,32.13,66.67
2021,Sindh,Hyderabad,Badin,District,Urban,Manufacturing,3988091,1349.87,2954.4,63.29,67.12,53.84,72315.0,27.65,10.98,1260,88,60.3,64.63,3366,174.2,30.4,21.5,3054.0,2266.0,47.3,42.62,64.29
2022,Sindh,Hyderabad,Badin,District,Rural,Education,4023169,1492.46,2695.7,66.04,75.46,54.81,78222.0,23.04,12.35,1439,76,61.05,62.16,1770,232.7,28.0,31.03,3492.0,4947.0,40.37,41.84,63.74
2023,Sindh,Hyderabad,Badin,District,Semi-Urban,Agriculture,3917815,495.03,7914.3,60.91,64.44,41.52,117161.0,28.66,11.29,991,47,68.27,63.15,6980,156.1,28.5,16.44,5761.0,5568.0,46.21,42.49,64.76
2024,Sindh,Hyderabad,Badin,District,Rural,Mining,4189228,2190.53,1912.4,56.6,59.07,46.1,95182.0,40.47,7.98,1982,79,55.72,51.21,1622,207.3,29.1,23.36,2704.0,4344.0,17.29,47.44,63.95
2015,Sindh,Hyderabad,Dadu,District,Semi-Urban,Agriculture,1290868,209.75,6154.2,53.54,56.89,46.5,88790.0,33.51,10.34,301,24,50.19,65.39,3040,224.7,21.3,25.97,4114.0,3480.0,28.06,57.89,60.45
2016,Sindh,Hyderabad,Dadu,District,Rural,Construction,1310859,326.63,4013.3,52.08,62.64,46.92,62025.0,37.83,10.17,594,16,56.93,52.82,3406,191.3,31.1,19.71,1887.0,3880.0,16.39,49.19,57.11
2017,Sindh,Hyderabad,Dadu,District,Rural,Manufacturing,1333104,739.91,1801.7,69.07,73.65,55.73,95379.0,26.06,7.26,339,25,63.34,76.78,587,282.0,28.3,17.23,2683.0,6363.0,31.94,36.26,63.69
2018,Sindh,Hyderabad,Dadu,District,Rural,Manufacturing,1409786,309.75,4551.4,63.02,69.56,57.77,52232.0,33.19,11.66,417,14,68.71,69.75,4076,259.4,30.8,13.23,1252.0,1676.0,17.34,39.17,69.33
2019,Sindh,Hyderabad,Dadu,District,Urban,Construction,1393623,196.56,7090.1,73.72,80.48,56.25,80317.0,21.72,8.44,430,15,76.26,73.59,4176,245.9,31.4,23.13,2234.0,2750.0,38.62,32.86,67.91
2020,Sindh,Hyderabad,Dadu,District,Rural,Services,1494048,214.45,6967.0,59.56,68.33,52.24,93951.0,27.47,10.92,312,34,59.0,61.45,5261,207.4,30.9,15.28,4503.0,3495.0,38.3,37.19,65.47
2021,Sindh,Hyderabad,Dadu,District,Urban,Manufacturing,1436000,187.26,7668.4,63.32,66.8,47.45,56605.0,27.27,11.0,330,23,62.9,64.5,6629,242.5,30.8,33.15,1899.0,3440.0,21.13,36.04,61.97
2022,Sindh,Hyderabad,Dadu,District,Semi-Urban,Education,1402388,950.82,1474.9,59.76,67.29,40.02,69092.0,35.4,10.36,621,32,61.75,70.12,1257,108.4,27.8,10.02,2770.0,4535.0,46.33,43.2,63.25
2023,Sindh,Hyderabad,Dadu,District,Rural,Education,1666871,1913.46,871.1,54.5,66.22,47.95,91543.0,30.81,8.57,372,28,49.59,58.91,539,145.1,20.1,19.2,3474.0,5438.0,37.78,49.24,59.0
2024,Sindh,Hyderabad,Dadu,District,Urban,Manufacturing,1720466,1359.86,1265.2,67.88,70.09,60.15,67279.0,28.81,11.1,680,18,75.27,72.66,543,150.0,25.8,25.25,2104.0,3033.0,48.57,40.8,65.69
2015,Sindh,Hyderabad,Hyderabad,District,Semi-Urban,Healthcare,1736719,324.9,5345.4,56.31,61.21,48.28,80466.0,31.85,10.82,381,33,53.61,62.58,1692,238.5,29.4,23.82,2822.0,4083.0,23.59,42.77,62.83
2016,Sindh,Hyderabad,Hyderabad,District,Urban,Healthcare,1776167,596.14,2979.5,59.9,65.4,47.29,82201.0,33.12,11.61,631,43,56.41,68.12,1733,222.8,23.3,31.98,3587.0,3940.0,37.54,47.86,62.37
2017,Sindh,Hyderabad,Hyderabad,District,Urban,Services,1794272,963.4,1862.4,54.27,60.79,45.25,92425.0,33.43,12.2,546,22,51.24,63.68,1890,248.2,23.8,16.42,2292.0,4099.0,32.41,50.48,63.97
2018,Sindh,Hyderabad,Hyderabad,District,Rural,Agriculture,1809831,253.35,7143.7,63.75,67.26,44.84,76602.0,27.77,12.01,593,40,69.52,56.86,4217,230.8,26.0,4.53,3519.0,5144.0,22.86,28.25,61.77
2019,Sindh,Hyderabad,Hyderabad,District,Rural,Mining,1881818,381.27,4935.6,49.74,58.2,32.55,53487.0,36.28,9.14,638,23,53.49,46.93,4691,148.9,27.4,33.66,2135.0,3646.0,17.76,52.21,58.04
2020,Sindh,Hyderabad,Hyderabad,District,Rural,Agriculture,1834985,608.78,3014.2,60.12,68.66,53.51,78389.0,36.56,12.01,660,25,63.8,62.12,1022,119.4,20.9,35.18,2917.0,5022.0,44.21,39.63,61.73
2021,Sindh,Hyderabad,Hyderabad,District,Rural,Agriculture,1905875,1941.32,981.7,67.16,74.27,50.92,115026.0,34.82,10.2,485,37,62.72,76.08,922,134.6,19.1,40.41,4158.0,7452.0,51.03,40.16,64.39
2022,Sindh,Hyderabad,Hyderabad,District,Semi-Urban,Manufacturing,2044560,257.64,7935.8,68.26,73.35,62.38,94881.0,23.94,8.75,706,50,72.89,60.21,8359,165.3,25.8,17.12,3815.0,3008.0,23.75,37.03,63.35
2023,Sindh,Hyderabad,Hyderabad,District,Semi-Urban,Healthcare,2030166,475.61,4268.6,59.18,65.05,43.12,100330.0,34.94,14.28,423,30,61.12,55.19,2814,162.7,22.6,31.49,2942.0,6001.0,28.08,41.22,61.73
2024,Sindh,Hyderabad,Hyderabad,District,Rural,Agriculture,2166922,1015.98,2132.8,62.52,64.69,54.62,115411.0,28.92,13.28,545,46,58.38,71.74,1185,261.7,20.5,16.91,4426.0,5918.0,41.06,38.85,62.06
2015,Sindh,Hyderabad,Jamshoro,District,Urban,Mining,3257791,432.5,7532.5,53.36,63.61,41.66,88964.0,31.31,11.52,685,43,60.95,62.67,6287,118.0,30.1,43.77,3415.0,4716.0,28.28,49.18,59.33
2016,Sindh,Hyderabad,Jamshoro,District,Semi-Urban,Agriculture,3333277,765.8,4352.7,60.7,70.15,44.63,86624.0,28.47,10.21,1283,39,54.92,55.98,1326,186.4,23.7,27.21,4166.0,5191.0,41.78,43.44,65.87
2017,Sindh,Hyderabad,Jamshoro,District,Rural,Services,3412579,983.39,3470.2,66.99,71.34,54.05,60051.0,30.13,8.89,738,84,69.77,63.48,2768,135.9,21.4,40.88,1493.0,2805.0,41.94,41.44,63.43
2018,Sindh,Hyderabad,Jamshoro,District,Rural,Manufacturing,3562551,562.12,6337.7,56.78,68.11,40.43,60379.0,31.83,12.92,828,81,57.87,58.94,6714,186.4,29.5,26.83,3006.0,2311.0,48.6,54.15,59.34
2019,Sindh,Hyderabad,Jamshoro,District,Urban,Mining,3692399,1089.13,3390.2,60.11,63.25,50.07,91802.0,35.94,10.36,845,37,57.32,60.77,3802,280.0,19.2,34.2,3902.0,5574.0,38.4,42.49,63.89
2020,Sindh,Hyderabad,Jamshoro,District,Rural,Mining,3499650,1483.69,2358.7,52.79,56.8,35.93,83807.0,31.84,12.34,957,35,49.14,64.34,1031,138.0,27.3,27.22,3368.0,5361.0,20.15,49.31,63.31
2021,Sindh,Hyderabad,Jamshoro,District,Rural,Construction,3851098,532.45,7232.8,48.47,57.48,32.43,69766.0,33.5,8.53,1138,50,56.47,51.77,5379,165.1,31.1,23.0,1594.0,2214.0,28.27,35.22,59.27
2022,Sindh,Hyderabad,Jamshoro,District,Rural,Mining,3976488,594.27,6691.4,61.01,63.76,52.3,108722.0,24.92,9.5,1589,50,68.92,62.31,4684,271.3,29.4,21.02,3511.0,5265.0,15.73,53.02,61.1
2023,Sindh,Hyderabad,Jamshoro,District,Semi-Urban,Healthcare,3894922,500.99,7774.5,59.57,68.32,51.89,65416.0,38.16,7.94,1195,42,63.26,61.45,7453,159.8,27.3,14.94,2685.0,2949.0,54.58,43.84,67.38
2024,Sindh,Hyderabad,Jamshoro,District,Semi-Urban,Manufacturing,4155016,922.52,4504.0,61.29,68.37,51.67,123064.0,29.63,11.56,968,54,60.47,68.69,2743,127.7,24.3,17.84,3286.0,5035.0,35.45,41.92,64.13
2015,Sindh,Hyderabad,Matiari,District,Urban,Services,2103608,348.49,6036.3,62.77,69.0,48.51,90840.0,31.77,9.46,451,28,65.61,62.25,2152,225.5,20.0,19.24,3010.0,4973.0,54.48,35.87,64.0
2016,Sindh,Hyderabad,Matiari,District,Urban,Mining,2150120,462.46,4649.3,53.86,59.91,40.29,81109.0,31.17,12.84,567,36,58.67,50.88,2204,170.4,26.6,23.44,3102.0,4069.0,13.39,48.81,61.28
2017,Sindh,Hyderabad,Matiari,District,Rural,Mining,2178121,939.25,2319.0,59.72,71.69,46.72,73899.0,26.18,11.24,482,30,63.19,54.88,1809,246.6,25.5,27.32,2066.0,3151.0,23.18,36.66,64.91
2018,Sindh,Hyderabad,Matiari,District,Urban,Construction,2297386,433.46,5300.1,60.55,63.95,53.09,60100.0,27.25,14.57,519,24,59.4,54.89,3499,267.1,31.8,28.97,2199.0,3971.0,30.64,40.68,64.3
2019,Sindh,Hyderabad,Matiari,District,Rural,Services,2192943,867.05,2529.2,49.24,59.99,35.91,87409.0,36.0,11.91,487,35,45.88,46.28,1856,211.3,25.6,39.39,3497.0,4513.0,46.2,52.25,62.44
2020,Sindh,Hyderabad,Matiari,District,Urban,Agriculture,2276517,561.69,4053.0,64.87,76.47,57.63,93554.0,25.6,11.22,505,26,59.97,62.09,1388,296.8,21.3,10.24,2468.0,5350.0,45.47,40.44,61.49
2021,Sindh,Hyderabad,Matiari,District,Semi-Urban,Healthcare,2482769,704.39,3524.7,62.6,67.53,52.24,108165.0,26.62,8.64,657,26,65.29,66.11,2850,103.5,31.6,31.73,4842.0,7480.0,35.11,41.92,62.8
2022,Sindh,Hyderabad,Matiari,District,Rural,Healthcare,2528396,934.22,2706.4,60.96,64.58,47.99,121551.0,28.82,13.07,755,58,66.28,70.09,896,282.5,27.2,25.65,2843.0,7294.0,49.52,44.67,62.15
2023,Sindh,Hyderabad,Matiari,District,Rural,Construction,2478143,1743.25,1421.6,63.38,70.22,57.73,124540.0,28.98,5.87,920,26,61.59,73.25,1141,126.3,26.3,19.22,5962.0,7814.0,39.94,39.57,60.26
2024,Sindh,Hyderabad,Matiari,District,Rural,Manufacturing,2499748,3165.66,789.6,63.38,68.54,51.22,82270.0,28.11,15.31,1030,28,58.8,72.08,367,222.3,24.1,21.68,3756.0,2879.0,29.15,39.72,66.14
2015,Sindh,Hyderabad,Tando Allahyar,District,Rural,Manufacturing,736437,137.49,5356.4,49.22,59.07,39.89,100912.0,30.32,10.3,255,8,48.17,47.98,4503,280.2,22.3,29.04,3006.0,3416.0,26.76,45.4,60.44
2016,Sindh,Hyderabad,Tando Allahyar,District,Semi-Urban,Agriculture,758973,346.69,2189.2,57.49,67.78,49.99,60673.0,39.36,10.4,376,8,66.28,54.61,663,245.7,21.1,25.95,1667.0,2130.0,50.48,44.49,62.6
2017,Sindh,Hyderabad,Tando Allahyar,District,Semi-Urban,Education,758129,108.04,7016.9,63.2,69.45,50.78,53559.0,24.62,10.32,158,8,60.43,69.29,5550,128.6,31.6,26.97,1467.0,2349.0,22.18,40.72,65.13
2018,Sindh,Hyderabad,Tando Allahyar,District,Urban,Services,776981,166.87,4656.1,59.7,65.76,50.01,93435.0,29.29,7.41,309,10,58.31,64.37,3447,169.3,28.0,47.16,3592.0,4480.0,53.99,47.82,60.95
2019,Sindh,Hyderabad,Tando Allahyar,District,Rural,Healthcare,770501,172.44,4468.2,51.51,57.18,43.06,112522.0,35.63,10.59,197,12,55.35,48.95,1908,190.8,21.8,23.52,3730.0,5756.0,19.67,41.86,59.52
2020,Sindh,Hyderabad,Tando Allahyar,District,Rural,Manufacturing,847879,632.27,1341.0,61.94,66.84,53.95,103100.0,31.76,9.15,194,12,61.09,58.66,446,261.2,26.0,26.51,2778.0,5198.0,50.56,38.43,64.61
2021,Sindh,Hyderabad,Tando Allahyar,District,Urban,Mining,785265,175.52,4473.9,57.88,61.7,43.86,67720.0,24.98,13.06,240,8,53.12,53.22,3252,265.1,25.3,23.76,2441.0,2506.0,52.14,46.18,60.29
2022,Sindh,Hyderabad,Tando Allahyar,District,Rural,Services,923352,142.98,6458.0,63.58,67.39,57.64,60386.0,29.33,9.62,268,13,57.36,70.58,4312,187.0,22.4,2.21,2714.0,2325.0,30.03,42.05,65.65
2023,Sindh,Hyderabad,Tando Allahyar,District,Urban,Agriculture,850652,129.06,6591.3,69.93,74.72,62.11,74214.0,27.93,8.5,195,19,70.61,76.71,6338,171.2,27.6,21.12,2470.0,3351.0,27.17,35.33,68.51
2024,Sindh,Hyderabad,Tando Allahyar,District,Rural,Services,835076,169.86,4916.4,65.98,74.27,47.65,122054.0,28.24,12.72,380,14,62.53,64.0,1707,217.5,26.1,20.12,4592.0,6522.0,29.35,46.73,61.47
2015,Sindh,Hyderabad,Tando M. Khan,District,Urban,Mining,803889,161.85,4966.8,61.79,64.74,51.68,47893.0,28.1,4.34,266,14,55.86,70.64,3321,266.5,27.6,27.66,1708.0,3170.0,13.82,42.92,63.82
2016,Sindh,Hyderabad,Tando M. Khan,District,Semi-Urban,Mining,815348,316.39,2577.0,65.21,73.04,49.35,64569.0,27.62,11.84,169,9,63.15,70.45,2885,280.2,27.4,29.15,2010.0,3939.0,29.71,35.81,66.28
2017,Sindh,Hyderabad,Tando M. Khan,District,Urban,Mining,840071,175.65,4782.6,58.45,67.9,52.37,88168.0,31.14,11.37,197,17,60.38,51.9,4057,218.5,20.5,34.61,4136.0,5628.0,30.82,48.15,66.69
2018,Sindh,Hyderabad,Tando M. Khan,District,Urban,Services,880901,320.99,2744.3,59.38,67.19,49.46,102935.0,37.05,11.14,243,11,67.05,59.51,3109,116.4,18.2,43.91,4563.0,6340.0,23.47,37.89,62.75
2019,Sindh,Hyderabad,Tando M. Khan,District,Rural,Healthcare,904327,214.17,4222.5,57.61,61.71,43.03,64567.0,29.41,12.46,195,12,57.72,59.43,2917,116.6,28.2,14.48,2330.0,3939.0,32.62,40.05,62.97
2020,Sindh,Hyderabad,Tando M. Khan,District,Urban,Healthcare,907102,114.91,7893.8,56.58,64.76,40.52,94580.0,34.68,11.94,201,20,65.1,54.83,7484,102.3,29.5,26.21,3680.0,3469.0,51.26,48.76,63.76
2021,Sindh,Hyderabad,Tando M. Khan,District,Rural,Education,866785,1016.81,852.5,67.83,76.11,57.22,87262.0,17.9,9.78,294,11,67.42,66.11,642,141.5,29.5,12.21,3711.0,5252.0,39.56,31.04,67.28
2022,Sindh,Hyderabad,Tando M. Khan,District,Rural,Healthcare,933711,149.01,6266.0,58.43,66.27,49.81,110615.0,34.44,10.65,233,18,62.69,50.06,4883,248.9,19.7,28.61,5042.0,7676.0,10.47,46.09,61.18
2023,Sindh,Hyderabad,Tando M. Khan,District,Rural,Agriculture,924912,322.99,2863.6,59.97,70.52,43.0,106129.0,32.96,11.02,391,11,54.6,52.15,1589,206.2,29.6,11.23,2317.0,3760.0,42.27,33.8,61.83
2024,Sindh,Hyderabad,Tando M. Khan,District,Semi-Urban,Services,921642,263.07,3503.5,64.53,70.93,57.43,94808.0,29.46,9.04,195,9,70.0,65.47,2658,141.1,28.6,36.48,3602.0,5000.0,19.77,39.92,68.38
2015,Sindh,Hyderabad,Thatta,District,Rural,Manufacturing,1379865,238.63,5782.4,57.13,68.69,46.63,82121.0,36.79,9.88,355,18,66.05,68.09,2181,268.3,24.0,16.35,2466.0,3731.0,30.27,45.82,61.34
2016,Sindh,Hyderabad,Thatta,District,Rural,Manufacturing,1406619,295.46,4760.7,60.68,69.28,46.47,82490.0,29.76,8.74,458,16,56.34,59.17,3448,149.2,31.4,10.61,2099.0,2568.0,47.72,49.45,62.11
2017,Sindh,Hyderabad,Thatta,District,Urban,Education,1418660,177.87,7975.8,64.41,68.97,47.3,85583.0,28.71,9.91,359,21,63.11,59.73,5351,135.4,19.2,26.39,1801.0,2926.0,46.77,38.76,67.76
2018,Sindh,Hyderabad,Thatta,District,Urban,Agriculture,1529789,200.87,7615.9,59.11,70.86,50.12,79452.0,27.85,8.52,391,29,61.23,66.6,3579,283.8,23.7,20.37,2924.0,2387.0,53.35,49.71,64.23
2019,Sindh,Hyderabad,Thatta,District,Rural,Healthcare,1506894,607.51,2480.4,52.22,56.92,43.33,65099.0,38.12,10.71,435,28,49.01,61.53,2036,274.5,21.7,26.0,2458.0,4021.0,15.22,43.05,61.42
2020,Sindh,Hyderabad,Thatta,District,Rural,Manufacturing,1624363,337.46,4813.5,51.75,60.67,37.35,92186.0,37.07,13.88,760,23,50.48,59.11,2194,283.5,30.0,24.25,3328.0,5930.0,10.16,41.35,56.11
2021,Sindh,Hyderabad,Thatta,District,Rural,Healthcare,1681140,269.44,6239.5,55.38,64.87,45.45,90209.0,36.09,11.77,364,19,55.1,64.19,4628,147.4,29.6,19.66,3032.0,5911.0,30.42,43.6,57.8
2022,Sindh,Hyderabad,Thatta,District,Rural,Services,1484863,226.86,6545.3,72.72,82.37,56.08,126763.0,23.18,13.06,304,14,77.28,76.96,7542,267.8,29.5,23.37,4781.0,7657.0,11.58,37.9,70.5
2023,Sindh,Hyderabad,Thatta,District,Semi-Urban,Services,1782598,873.14,2041.6,60.26,67.01,51.0,95559.0,34.0,13.88,522,22,59.62,61.46,785,246.5,21.0,22.05,3968.0,5179.0,10.63,40.23,63.36
2024,Sindh,Hyderabad,Thatta,District,Rural,Agriculture,1731863,226.79,7636.4,62.24,66.89,55.24,67539.0,26.51,7.1,671,19,69.12,72.29,8640,137.3,19.8,18.83,1488.0,4315.0,17.51,43.31,61.96
2015,Sindh,Karachi,Karachi Central,District,Semi-Urban,Education,3470651,4558.39,761.4,59.21,66.16,43.6,50100.0,26.99,12.81,877,51,55.3,55.7,414,155.9,18.3,32.47,1851.0,1823.0,36.62,43.54,64.44
2016,Sindh,Karachi,Karachi Central,District,Rural,Construction,3537567,520.12,6801.4,56.34,65.85,49.18,94602.0,34.78,10.91,900,81,57.95,60.22,2212,119.8,26.9,17.95,3964.0,4950.0,34.48,53.41,58.16
2017,Sindh,Karachi,Karachi Central,District,Semi-Urban,Healthcare,3566930,1475.04,2418.2,59.13,62.98,42.23,72551.0,37.09,10.77,743,55,55.97,57.72,2662,298.4,29.8,24.4,2856.0,2798.0,10.63,44.81,62.49
2018,Sindh,Karachi,Karachi Central,District,Rural,Education,3688289,549.4,6713.3,62.93,66.43,50.81,56246.0,28.07,14.23,1711,71,62.38,62.12,5958,237.5,21.0,34.62,1220.0,3780.0,27.97,39.86,65.5
2019,Sindh,Karachi,Karachi Central,District,Rural,Services,3898303,1293.33,3014.2,60.34,67.78,49.2,52795.0,29.14,11.14,890,61,66.35,65.72,2165,114.0,23.0,25.73,2014.0,1647.0,11.4,56.71,60.44
2020,Sindh,Karachi,Karachi Central,District,Rural,Manufacturing,3691134,1229.75,3001.5,57.37,59.71,41.08,69097.0,30.43,11.41,840,37,52.02,57.99,1153,223.1,19.3,27.83,1805.0,4320.0,30.32,47.46,61.23
2021,Sindh,Karachi,Karachi Central,District,Urban,Construction,4005124,990.24,4044.6,52.86,61.96,34.81,106981.0,31.34,12.57,1798,63,49.72,47.33,4097,260.9,21.6,35.02,5345.0,3684.0,22.57,59.25,62.77
2022,Sindh,Karachi,Karachi Central,District,Urban,Healthcare,3830143,495.29,7733.1,53.85,63.45,36.47,114950.0,32.6,12.85,1119,94,52.32,50.67,8797,110.8,31.7,19.54,2753.0,5106.0,23.19,46.75,62.76
2023,Sindh,Karachi,Karachi Central,District,Urban,Education,3827869,2421.89,1580.5,65.59,67.76,50.62,87203.0,28.61,11.58,1505,40,63.08,57.4,1645,290.9,30.8,26.83,3831.0,4271.0,22.22,48.78,65.15
2024,Sindh,Karachi,Karachi Central,District,Urban,Education,3951006,1916.26,2061.8,55.77,62.43,49.59,107019.0,25.71,12.98,1550,50,55.49,49.3,1652,284.6,24.6,27.85,5256.0,6109.0,46.83,44.22,59.6
2015,Sindh,Karachi,Karachi East,District,Urban,Manufacturing,1576225,322.83,4882.6,62.05,69.86,43.1,86523.0,29.9,11.0,516,25,57.81,54.87,5004,233.5,22.5,27.63,3133.0,3996.0,47.87,43.23,66.1
2016,Sindh,Karachi,Karachi East,District,Semi-Urban,Agriculture,1621834,321.16,5049.9,71.67,74.94,56.55,63996.0,28.92,8.18,449,25,71.69,69.48,5641,275.8,31.7,27.07,2240.0,2609.0,30.86,29.92,63.76
2017,Sindh,Karachi,Karachi East,District,Rural,Construction,1644424,268.74,6119.0,66.67,77.13,57.3,49245.0,25.28,8.66,496,20,74.65,76.2,3492,121.9,18.5,30.5,1059.0,2603.0,15.88,44.62,65.34
2018,Sindh,Karachi,Karachi East,District,Semi-Urban,Services,1713131,256.49,6679.1,61.42,73.21,44.64,83862.0,30.02,11.52,365,17,61.17,71.44,5068,225.1,29.7,27.93,2358.0,5684.0,22.54,33.33,65.73
2019,Sindh,Karachi,Karachi East,District,Semi-Urban,Construction,1646580,755.31,2180.0,66.36,70.03,60.37,61299.0,17.36,14.47,336,25,63.84,60.16,2000,242.9,18.1,9.81,2591.0,3963.0,43.46,37.05,64.83
2020,Sindh,Karachi,Karachi East,District,Urban,Mining,1731612,244.24,7089.9,70.6,82.54,54.44,75041.0,19.4,11.57,404,43,63.85,70.98,2836,175.4,29.1,13.62,1512.0,3801.0,30.4,34.45,64.95
2021,Sindh,Karachi,Karachi East,District,Urban,Healthcare,1820390,227.7,7994.5,61.84,71.37,51.07,109481.0,32.86,9.62,770,38,67.63,53.02,4089,291.0,29.9,18.32,4441.0,4167.0,38.25,45.97,63.49
2022,Sindh,Karachi,Karachi East,District,Urban,Healthcare,1828288,329.46,5549.4,58.63,64.0,41.7,116715.0,37.33,10.34,378,24,59.66,64.16,6414,108.9,18.1,11.86,5635.0,7547.0,34.45,48.89,60.73
2023,Sindh,Karachi,Karachi East,District,Urban,Agriculture,1900933,780.64,2435.1,61.99,66.48,46.72,93490.0,29.79,10.75,695,44,69.61,69.01,2315,294.5,25.2,29.29,2555.0,4471.0,15.34,38.83,66.4
2024,Sindh,Karachi,Karachi East,District,Urban,Agriculture,2115564,1857.84,1138.7,55.46,65.5,41.86,99689.0,31.43,14.99,928,27,59.6,61.02,535,165.9,20.0,37.81,2771.0,6372.0,16.75,56.93,62.6
2015,Sindh,Karachi,Karachi South,District,Rural,Construction,749633,326.81,2293.8,49.22,58.26,35.49,64437.0,37.2,10.31,231,17,49.12,60.71,1599,221.4,21.5,25.31,2673.0,2179.0,48.85,44.96,61.23
2016,Sindh,Karachi,Karachi South,District,Rural,Healthcare,767446,143.99,5329.7,60.09,64.31,53.02,62850.0,32.66,7.75,374,15,65.63,69.28,2985,237.7,20.1,15.25,1259.0,4301.0,30.1,37.47,62.67
2017,Sindh,Karachi,Karachi South,District,Rural,Manufacturing,779577,251.49,3099.9,63.74,75.45,53.37,49884.0,26.6,11.83,167,11,67.7,72.28,3583,193.5,29.1,35.71,1330.0,3483.0,28.52,35.71,62.99
2018,Sindh,Karachi,Karachi South,District,Rural,Healthcare,773345,455.97,1696.0,51.49,62.87,36.19,68492.0,33.95,10.92,338,8,60.6,54.8,1472,166.4,25.7,26.0,2042.0,3601.0,38.28,45.58,61.89
2019,Sindh,Karachi,Karachi South,District,Rural,Manufacturing,802464,230.47,3481.9,70.67,73.95,64.86,109148.0,19.27,9.29,172,18,72.63,64.45,2480,152.9,23.7,21.47,2280.0,6433.0,20.9,47.16,63.55
2020,Sindh,Karachi,Karachi South,District,Rural,Services,863311,109.6,7877.1,55.14,59.79,40.32,64394.0,34.13,9.31,362,10,63.51,55.42,2444,170.2,19.8,31.96,2709.0,3053.0,33.96,43.02,63.97
2021,Sindh,Karachi,Karachi South,District,Rural,Construction,834952,132.76,6289.3,59.83,70.77,45.01,122203.0,27.86,9.04,199,8,57.73,58.5,7476,109.2,30.3,32.0,5568.0,5132.0,54.03,46.78,65.37
2022,Sindh,Karachi,Karachi South,District,Urban,Manufacturing,925911,179.26,5165.3,59.49,66.4,43.51,57200.0,21.48,9.68,308,22,61.03,65.43,3175,225.2,20.9,45.67,2793.0,1906.0,16.7,41.35,66.39
2023,Sindh,Karachi,Karachi South,District,Semi-Urban,Construction,986965,572.53,1723.9,66.44,68.48,54.65,97650.0,23.43,9.16,334,21,69.99,73.0,1608,233.6,20.6,28.17,3088.0,4301.0,27.64,40.15,66.1
2024,Sindh,Karachi,Karachi South,District,Urban,Services,956687,581.64,1644.8,66.77,73.19,48.99,90044.0,30.46,12.62,400,9,74.44,69.18,1663,188.4,32.0,18.3,2594.0,4384.0,48.53,45.11,63.99
2015,Sindh,Karachi,Karachi west,District,Rural,Services,968773,470.8,2057.7,55.53,67.26,35.62,48605.0,28.17,7.96,473,14,63.96,63.32,2217,160.7,25.9,19.35,2156.0,2056.0,15.65,45.07,62.08
2016,Sindh,Karachi,Karachi west,District,Rural,Services,985901,163.18,6041.9,57.12,66.5,48.33,72261.0,29.42,13.85,314,20,53.06,50.29,3208,258.1,24.1,22.43,3148.0,2218.0,26.03,54.3,64.41
2017,Sindh,Karachi,Karachi west,District,Rural,Manufacturing,1007895,154.88,6507.7,61.99,64.8,48.79,91723.0,35.79,11.46,256,22,57.65,66.11,1967,222.5,28.8,30.37,3674.0,3608.0,16.6,41.2,60.87
2018,Sindh,Karachi,Karachi west,District,Urban,Construction,1014923,158.16,6417.2,61.15,68.52,44.13,93570.0,26.49,9.97,289,11,67.13,66.46,3424,205.6,21.9,25.59,4044.0,4107.0,54.69,35.54,63.62
2019,Sindh,Karachi,Karachi west,District,Rural,Education,1017960,1229.32,828.1,52.95,57.43,37.06,57452.0,30.55,12.76,447,11,53.23,48.93,547,250.0,19.2,28.88,1685.0,3433.0,11.32,52.94,61.25
2020,Sindh,Karachi,Karachi west,District,Semi-Urban,Agriculture,1086473,143.06,7594.8,65.83,68.45,57.79,52459.0,26.76,12.61,311,23,70.19,73.4,6343,177.0,31.8,22.99,1916.0,2816.0,41.45,37.01,63.96
2021,Sindh,Karachi,Karachi west,District,Urban,Agriculture,1124201,1020.73,1101.4,65.04,74.54,56.43,122364.0,28.31,5.79,254,26,58.73,61.24,914,287.4,29.4,24.13,4160.0,6863.0,32.34,47.13,65.57
2022,Sindh,Karachi,Karachi west,District,Urban,Mining,1115671,866.73,1287.2,69.63,79.14,55.38,112952.0,27.11,10.54,286,17,76.58,74.4,685,288.0,27.6,19.82,4231.0,4676.0,12.29,40.96,66.15
2023,Sindh,Karachi,Karachi west,District,Rural,Construction,1270320,286.81,4429.1,61.28,64.94,51.22,92474.0,25.41,6.36,276,13,64.58,53.63,5006,291.6,22.8,28.94,3398.0,5275.0,15.37,44.1,62.15
2024,Sindh,Karachi,Karachi west,District,Semi-Urban,Agriculture,1274315,2422.77,526.0,63.97,66.25,57.39,99626.0,27.0,9.66,528,18,68.98,68.68,526,193.6,31.2,9.67,3397.0,6315.0,41.06,36.98,64.4
2015,Sindh,Karachi,Malir,District,Urban,Mining,1126402,182.08,6186.3,54.5,56.91,36.94,80743.0,31.91,14.46,288,17,56.27,61.82,6662,207.1,24.8,15.11,3794.0,2445.0,49.52,56.98,61.62
2016,Sindh,Karachi,Malir,District,Urban,Healthcare,1160145,208.92,5553.0,62.63,71.33,47.86,80156.0,26.4,13.28,279,18,61.65,70.58,5504,200.1,18.2,12.31,2116.0,3672.0,23.19,40.38,63.17
2017,Sindh,Karachi,Malir,District,Rural,Construction,1159660,821.54,1411.6,71.73,77.71,59.89,109503.0,25.81,11.05,308,13,70.32,74.35,1440,176.5,22.9,30.41,4431.0,4847.0,31.25,29.86,70.02
2018,Sindh,Karachi,Malir,District,Urban,Services,1198595,511.28,2344.3,64.93,74.29,55.1,94418.0,26.39,8.24,263,12,63.91,70.16,2440,275.5,20.0,28.64,2988.0,2849.0,47.74,53.36,64.26
2019,Sindh,Karachi,Malir,District,Rural,Mining,1283571,397.41,3229.8,63.07,72.1,45.34,65342.0,34.8,9.11,259,13,66.49,68.95,2533,278.6,20.2,30.32,1742.0,2318.0,41.27,40.74,66.3
2020,Sindh,Karachi,Malir,District,Rural,Agriculture,1265405,1272.16,994.7,53.85,64.43,48.62,72536.0,30.9,10.9,611,21,50.07,54.27,628,261.9,19.0,40.18,1606.0,3558.0,12.11,47.94,60.77
2021,Sindh,Karachi,Malir,District,Urban,Agriculture,1261946,272.83,4625.4,54.84,59.17,36.9,111587.0,27.91,14.07,398,21,60.05,51.51,1400,233.5,31.1,18.98,2289.0,3877.0,34.75,49.64,60.22
2022,Sindh,Karachi,Malir,District,Rural,Services,1376191,376.57,3654.6,59.39,66.11,52.55,122649.0,34.52,12.07,319,27,61.03,66.65,3544,257.4,30.0,40.58,5817.0,4225.0,34.83,42.16,64.5
2023,Sindh,Karachi,Malir,District,Rural,Healthcare,1358019,351.11,3867.8,50.19,55.81,43.71,62808.0,34.03,12.48,390,15,47.18,54.5,4428,253.0,25.0,20.92,1342.0,3571.0,16.96,44.45,61.18
2024,Sindh,Karachi,Malir,District,Rural,Agriculture,1406276,234.08,6007.6,67.58,77.31,58.38,71301.0,29.56,11.65,683,24,65.21,72.61,3738,268.5,23.2,22.3,2371.0,2217.0,31.09,37.95,68.64
2015,Sindh,Larkana,Jakobabad,District,Urban,Services,1362548,424.15,3212.4,61.98,66.15,46.14,72831.0,35.66,10.15,308,15,62.99,72.58,3793,250.5,24.7,32.08,2615.0,4447.0,31.9,37.9,62.22
2016,Sindh,Larkana,Jakobabad,District,Rural,Education,1406444,1343.67,1046.7,64.13,68.73,56.54,64674.0,33.03,12.7,484,15,68.3,67.95,811,176.7,20.3,27.12,3197.0,4252.0,43.83,46.98,64.12
2017,Sindh,Larkana,Jakobabad,District,Rural,Healthcare,1402758,509.74,2751.9,59.84,66.62,51.73,80598.0,31.86,11.86,656,21,57.61,51.07,2575,230.5,23.3,13.23,3892.0,3089.0,13.04,38.48,63.16
2018,Sindh,Larkana,Jakobabad,District,Rural,Education,1461791,359.24,4069.2,57.56,60.08,45.43,109547.0,30.68,11.54,358,23,53.68,66.79,1331,186.2,25.1,30.74,3056.0,7311.0,50.32,47.28,63.82
2019,Sindh,Larkana,Jakobabad,District,Rural,Healthcare,1492777,266.77,5595.7,69.79,77.03,64.41,77213.0,25.7,11.04,590,18,74.51,74.87,2407,151.9,22.9,23.7,2008.0,3608.0,47.54,40.78,65.7
2020,Sindh,Larkana,Jakobabad,District,Urban,Mining,1446967,291.06,4971.4,45.39,47.96,34.21,115102.0,32.73,10.18,432,14,52.5,44.86,5436,236.4,28.3,33.58,4028.0,5014.0,31.32,59.13,58.38
2021,Sindh,Larkana,Jakobabad,District,Semi-Urban,Construction,1501951,1394.17,1077.3,68.36,74.38,60.21,84993.0,23.47,7.28,365,36,73.99,68.65,1029,129.4,20.5,27.76,2159.0,4951.0,47.68,47.71,66.84
2022,Sindh,Larkana,Jakobabad,District,Semi-Urban,Agriculture,1505825,365.84,4116.1,56.41,63.33,49.6,102827.0,37.46,8.54,649,33,57.74,55.37,4122,277.4,24.0,13.79,2543.0,6717.0,29.03,48.01,60.16
2023,Sindh,Larkana,Jakobabad,District,Semi-Urban,Manufacturing,1587682,234.22,6778.6,64.42,68.49,50.74,78967.0,28.38,11.6,494,21,58.47,58.27,3175,120.7,23.9,17.83,3708.0,4728.0,48.54,39.8,64.71
2024,Sindh,Larkana,Jakobabad,District,Urban,Agriculture,1854955,287.13,6460.4,62.19,68.41,56.03,135744.0,20.51,7.33,908,18,69.33,56.55,4557,179.5,24.9,27.04,6313.0,8196.0,11.14,41.52,65.11
2015,Sindh,Larkana,Kashmore,District,Semi-Urban,Manufacturing,3660202,492.7,7428.9,59.46,63.31,51.49,49823.0,22.75,7.91,1096,42,66.84,64.25,3925,288.3,22.1,21.12,1414.0,2646.0,47.58,45.36,62.36
2016,Sindh,Larkana,Kashmore,District,Rural,Services,3774840,992.26,3804.3,53.05,55.38,33.68,99685.0,27.31,14.64,1023,43,54.24,49.93,2031,211.0,25.6,35.14,2461.0,4385.0,27.9,52.23,60.48
2017,Sindh,Larkana,Kashmore,District,Rural,Manufacturing,3869647,836.62,4625.3,69.06,72.86,52.68,99786.0,22.7,9.9,1663,50,73.22,63.2,5112,192.4,20.2,20.2,2349.0,4541.0,48.75,28.79,65.1
2018,Sindh,Larkana,Kashmore,District,Urban,Mining,3869420,495.31,7812.1,61.93,65.65,51.97,52304.0,32.12,11.48,1048,58,57.62,61.25,6875,184.0,23.5,28.99,1605.0,1999.0,48.84,49.57,62.0
2019,Sindh,Larkana,Kashmore,District,Urban,Construction,3996701,768.67,5199.5,60.42,67.37,49.14,92748.0,35.64,12.9,1280,59,54.38,68.54,5521,187.0,29.4,15.47,1915.0,2948.0,26.35,37.81,64.28
2020,Sindh,Larkana,Kashmore,District,Urban,Manufacturing,3851781,3021.9,1274.6,69.29,80.73,52.64,101891.0,18.26,13.33,789,42,71.28,62.21,1093,254.3,30.7,23.76,2892.0,5267.0,49.7,46.43,65.0
2021,Sindh,Larkana,Kashmore,District,Rural,Education,4443450,2468.38,1800.1,67.57,71.11,61.56,95628.0,20.71,9.56,1798,45,64.52,60.9,1844,291.5,21.4,32.11,2900.0,6592.0,26.84,45.24,64.93
2022,Sindh,Larkana,Kashmore,District,Semi-Urban,Education,4002074,1821.76,2196.8,55.87,63.41,43.3,120631.0,27.32,12.73,1328,67,61.05,65.43,2207,145.2,23.7,42.51,4670.0,7262.0,35.21,44.01,60.0
2023,Sindh,Larkana,Kashmore,District,Rural,Manufacturing,4160386,1535.72,2709.1,64.6,74.0,51.13,123521.0,24.86,6.31,1519,43,67.02,57.55,1111,262.4,18.4,20.77,5552.0,7602.0,54.99,41.56,63.83
2024,Sindh,Larkana,Kashmore,District,Rural,Manufacturing,4726571,665.92,7097.8,67.56,79.07,53.34,65797.0,25.01,10.95,2175,54,72.07,65.28,8306,281.5,26.6,21.77,2108.0,2172.0,15.31,42.07,63.22
2015,Sindh,Larkana,Larkana,District,Urban,Mining,2182425,2200.58,991.7,53.92,62.14,42.2,61671.0,28.42,12.6,1067,42,60.15,51.2,415,118.6,20.8,33.51,1965.0,2038.0,45.86,49.65,57.15
2016,Sindh,Larkana,Larkana,District,Rural,Agriculture,2216747,989.22,2240.9,58.04,69.22,45.41,76114.0,25.11,11.58,692,22,65.06,54.82,2481,163.7,27.3,27.54,1846.0,2361.0,21.33,46.98,62.73
2017,Sindh,Larkana,Larkana,District,Rural,Manufacturing,2295238,349.62,6564.9,60.36,63.74,50.63,55409.0,30.08,10.43,854,56,63.22,64.51,6135,275.9,30.6,26.5,1213.0,3194.0,12.75,46.2,63.64
2018,Sindh,Larkana,Larkana,District,Urban,Mining,2395239,830.68,2883.5,68.02,75.19,50.4,72423.0,29.44,7.74,851,28,63.31,69.45,2061,121.0,21.3,30.38,1752.0,3523.0,29.87,45.4,68.64
2019,Sindh,Larkana,Larkana,District,Rural,Healthcare,2498055,412.26,6059.4,62.18,67.4,45.21,75929.0,23.93,10.02,545,50,57.37,63.76,2414,241.6,21.6,20.28,1929.0,5095.0,51.93,40.26,65.54
2020,Sindh,Larkana,Larkana,District,Urban,Construction,2295858,556.81,4123.3,67.55,75.44,51.18,105841.0,19.97,10.99,1080,33,66.53,68.91,2551,292.3,30.3,24.89,3253.0,5790.0,54.38,39.7,65.4
2021,Sindh,Larkana,Larkana,District,Semi-Urban,Healthcare,2336424,397.82,5873.1,60.05,69.4,43.28,78112.0,28.83,11.87,584,23,58.17,68.71,5667,166.7,25.0,20.05,1965.0,4764.0,33.87,42.25,63.26
2022,Sindh,Larkana,Larkana,District,Rural,Healthcare,2638596,646.13,4083.7,58.7,64.32,42.01,107781.0,24.41,9.57,821,52,63.92,55.21,4092,196.5,27.2,41.34,4985.0,6411.0,51.58,41.19,62.41
2023,Sindh,Larkana,Larkana,District,Urban,Healthcare,2401024,1359.74,1765.8,62.24,73.58,45.3,101514.0,29.41,7.57,969,47,61.27,68.0,1932,206.7,22.9,10.59,2944.0,3744.0,28.26,44.14,63.94
2024,Sindh,Larkana,Larkana,District,Rural,Agriculture,2614644,1094.16,2389.6,68.56,76.26,62.25,104824.0,24.59,8.37,1029,64,74.47,61.67,2411,132.5,30.9,24.57,4001.0,5892.0,17.88,33.08,66.51
2015,Sindh,Larkana,Shikarpur,District,Urban,Healthcare,1973251,1308.66,1507.8,63.29,67.23,52.87,71603.0,28.68,7.13,617,35,69.43,60.65,839,267.8,31.5,22.28,1517.0,4202.0,13.0,44.34,63.32
2016,Sindh,Larkana,Shikarpur,District,Semi-Urban,Manufacturing,2023298,326.24,6201.9,51.93,54.87,34.39,49434.0,32.81,11.52,543,36,58.19,54.92,3994,135.5,20.2,41.56,997.0,1576.0,52.73,42.37,57.81
2017,Sindh,Larkana,Shikarpur,District,Semi-Urban,Healthcare,2110232,1338.35,1576.7,67.49,70.04,50.03,107051.0,27.97,10.93,610,49,66.74,65.37,657,284.7,28.5,21.98,3045.0,6246.0,53.9,39.16,64.72
2018,Sindh,Larkana,Shikarpur,District,Semi-Urban,Healthcare,2142629,3509.97,610.4,54.46,58.69,47.26,72381.0,29.0,13.31,719,31,52.01,54.76,669,188.9,24.0,15.86,3155.0,2503.0,15.01,55.71,60.42
2019,Sindh,Larkana,Shikarpur,District,Urban,Education,2187233,895.56,2442.3,54.31,64.48,45.17,104170.0,35.34,11.34,528,22,53.38,64.94,1164,243.1,23.4,29.99,2642.0,5083.0,15.23,42.53,61.61
2020,Sindh,Larkana,Shikarpur,District,Urban,Services,2313966,567.9,4074.6,54.66,62.9,45.28,88570.0,28.76,13.95,709,24,49.67,63.64,4449,141.7,21.5,31.32,3921.0,4334.0,12.03,43.24,63.14
2021,Sindh,Larkana,Shikarpur,District,Rural,Mining,2376256,513.39,4628.6,59.28,61.7,43.82,60903.0,31.49,10.77,1153,52,66.05,62.79,2301,212.9,20.4,29.75,1780.0,3707.0,17.59,53.24,61.77
2022,Sindh,Larkana,Shikarpur,District,Urban,Healthcare,2144264,1000.74,2142.7,63.59,75.56,50.04,91961.0,20.66,10.59,706,24,69.17,64.07,1208,177.7,21.6,22.37,3318.0,5501.0,17.45,43.74,62.38
2023,Sindh,Larkana,Shikarpur,District,Urban,Mining,2302249,633.33,3635.2,54.44,56.56,48.5,114850.0,31.58,9.55,621,40,56.01,50.23,2199,186.8,27.9,29.24,4023.0,4995.0,53.08,45.5,61.69
2024,Sindh,Larkana,Shikarpur,District,Semi-Urban,Mining,2623211,346.2,7577.0,45.89,53.71,28.92,96426.0,40.23,13.4,1039,41,45.48,45.43,2802,218.0,18.2,42.47,3872.0,3085.0,19.92,42.01,57.46
2015,Sindh,Mirpur Khas,Mirphurkhas,District,Semi-Urban,Healthcare,2275043,1889.61,1204.0,65.08,67.9,49.16,69634.0,34.83,10.2,853,32,72.17,60.55,1067,142.5,18.7,26.75,3181.0,4536.0,43.86,36.01,64.23
2016,Sindh,Mirpur Khas,Mirphurkhas,District,Rural,Agriculture,2312376,577.35,4005.2,54.65,63.24,48.64,71941.0,34.73,7.91,572,36,52.69,57.52,3074,261.8,31.5,33.24,3201.0,4307.0,49.7,48.63,60.89
2017,Sindh,Mirpur Khas,Mirphurkhas,District,Semi-Urban,Mining,2386866,1474.61,1618.6,52.99,59.53,47.37,107472.0,32.08,13.61,696,29,56.34,47.24,1046,255.4,22.3,26.41,3085.0,4240.0,47.86,50.51,60.62
2018,Sindh,Mirpur Khas,Mirphurkhas,District,Urban,Education,2416406,3224.04,749.5,57.83,63.8,49.67,107020.0,29.88,10.62,514,45,55.77,54.5,367,185.0,25.1,34.97,4765.0,5227.0,39.01,51.77,63.19
2019,Sindh,Mirpur Khas,Mirphurkhas,District,Urban,Mining,2558458,554.99,4610.0,62.27,65.08,53.05,111747.0,34.84,9.99,1062,30,62.35,70.69,3258,195.1,26.0,36.93,4404.0,5279.0,10.73,39.34,66.34
2020,Sindh,Mirpur Khas,Mirphurkhas,District,Rural,Healthcare,2456314,440.84,5571.9,57.19,66.15,39.99,105025.0,37.83,12.75,555,57,58.53,52.71,5923,182.9,22.3,22.03,4482.0,7299.0,41.21,49.73,61.9
2021,Sindh,Mirpur Khas,Mirphurkhas,District,Rural,Healthcare,2423650,373.38,6491.1,59.27,65.83,52.5,114187.0,37.03,9.72,619,26,66.0,63.12,5224,214.2,19.9,21.38,4904.0,6919.0,21.81,52.06,61.89
2022,Sindh,Mirpur Khas,Mirphurkhas,District,Urban,Agriculture,2679048,452.19,5924.7,55.19,66.81,41.52,84970.0,36.3,10.27,1282,42,52.47,48.13,4307,113.9,28.7,27.73,4104.0,4521.0,50.33,46.24,61.51
2023,Sindh,Mirpur Khas,Mirphurkhas,District,Urban,Manufacturing,2551383,375.49,6794.8,67.04,72.26,55.76,120620.0,32.84,8.93,1138,25,72.58,75.59,6763,198.1,25.9,29.6,3257.0,4055.0,49.76,43.61,67.26
2024,Sindh,Mirpur Khas,Mirphurkhas,District,Rural,Education,2928156,650.09,4504.2,55.81,63.72,40.04,130899.0,32.69,13.46,655,50,54.17,55.54,2301,158.4,18.4,26.66,6091.0,7459.0,40.91,52.36,61.2
2015,Sindh,Mirpur Khas,Mithi,District,Urban,Services,1470808,277.62,5298.0,59.71,67.7,39.8,86225.0,24.95,5.99,360,31,59.12,62.06,5497,295.7,24.3,27.31,2861.0,2594.0,12.86,43.11,60.96
2016,Sindh,Mirpur Khas,Mithi,District,Rural,Education,1495019,870.19,1718.0,57.49,66.46,40.31,83879.0,27.77,12.19,299,27,65.42,63.71,1564,155.6,29.0,25.29,3541.0,4080.0,45.23,52.24,60.95
2017,Sindh,Mirpur Khas,Mithi,District,Urban,Healthcare,1540656,361.23,4265.0,53.62,62.07,43.47,74111.0,36.71,11.73,322,24,53.91,58.4,4191,232.7,27.5,34.11,3530.0,2529.0,36.1,45.64,63.23
2018,Sindh,Mirpur Khas,Mithi,District,Rural,Agriculture,1589758,252.62,6293.0,52.27,62.01,33.17,65734.0,33.42,12.12,333,19,60.56,57.51,7194,118.6,18.0,29.46,3242.0,3056.0,15.15,55.29,60.38
2019,Sindh,Mirpur Khas,Mithi,District,Urban,Mining,1576242,1834.05,859.4,63.47,69.49,51.66,80785.0,28.24,11.09,753,20,57.59,66.76,989,273.2,30.0,26.98,2949.0,4528.0,33.79,43.93,60.39
2020,Sindh,Mirpur Khas,Mithi,District,Rural,Education,1698952,249.17,6818.4,56.03,61.42,42.34,110103.0,20.7,10.83,570,17,60.33,48.01,6014,129.5,25.1,27.19,4287.0,3694.0,35.42,45.29,62.29
2021,Sindh,Mirpur Khas,Mithi,District,Rural,Mining,1660989,220.64,7527.9,60.05,63.37,48.95,53889.0,28.64,7.51,409,19,67.31,58.74,3162,122.0,29.2,20.46,1105.0,2964.0,35.09,43.06,62.78
2022,Sindh,Mirpur Khas,Mithi,District,Urban,Education,1705880,261.1,6533.5,67.05,72.87,50.01,102247.0,21.72,8.23,342,26,70.44,74.64,3448,156.1,21.1,28.53,5107.0,5850.0,39.29,48.52,63.96
2023,Sindh,Mirpur Khas,Mithi,District,Rural,Mining,1890499,1704.42,1109.2,68.66,72.81,50.5,125409.0,28.57,11.98,929,22,73.95,76.97,422,128.5,20.3,18.37,5992.0,8562.0,36.85,30.82,68.58
2024,Sindh,Mirpur Khas,Mithi,District,Rural,Healthcare,1780576,952.28,1869.8,55.62,65.23,44.97,78180.0,33.29,8.04,376,23,56.13,63.6,1055,240.8,21.5,19.32,2444.0,2761.0,10.03,53.76,60.6
2015,Sindh,Mirpur Khas,Sanghar,District,Urban,Manufacturing,3158647,999.11,3161.4,57.29,68.71,46.78,47522.0,32.56,14.02,771,48,59.08,50.28,3434,206.6,24.2,23.85,2130.0,1943.0,40.59,55.8,66.17
2016,Sindh,Mirpur Khas,Sanghar,District,Semi-Urban,Manufacturing,3259501,2035.25,1601.5,50.8,56.91,35.12,77869.0,31.91,12.6,1066,39,52.5,53.15,813,203.6,21.9,35.63,1647.0,3592.0,54.96,52.3,56.18
2017,Sindh,Mirpur Khas,Sanghar,District,Rural,Manufacturing,3296508,423.92,7776.2,52.49,63.36,33.82,97102.0,28.84,11.97,1022,43,49.18,56.24,7571,213.4,24.8,25.01,4713.0,3635.0,50.73,46.8,62.79
2018,Sindh,Mirpur Khas,Sanghar,District,Urban,Services,3382744,438.78,7709.3,52.11,58.2,38.58,61270.0,39.76,12.66,916,70,52.66,52.26,4928,293.3,31.3,23.21,3036.0,4065.0,18.51,50.92,62.3
2019,Sindh,Mirpur Khas,Sanghar,District,Semi-Urban,Mining,3606437,2175.96,1657.4,67.26,77.91,51.24,95036.0,28.05,13.97,760,47,74.81,68.14,1189,143.1,28.5,27.42,3313.0,5173.0,27.99,44.95,64.53
2020,Sindh,Mirpur Khas,Sanghar,District,Rural,Mining,3475523,5864.08,592.7,72.89,77.36,58.77,106490.0,24.26,11.38,1470,62,68.19,72.42,459,273.4,21.5,25.02,2736.0,6451.0,24.73,37.2,66.41
2021,Sindh,Mirpur Khas,Sanghar,District,Urban,Education,3395335,965.03,3518.4,49.44,52.91,30.49,124734.0,29.59,13.42,1626,36,48.84,43.02,4044,295.8,27.8,30.34,6074.0,5264.0,37.76,53.36,59.96
2022,Sindh,Mirpur Khas,Sanghar,District,Semi-Urban,Healthcare,3788140,5029.61,753.2,64.97,70.18,51.34,72083.0,29.91,12.42,1327,39,59.53,61.23,594,103.3,25.2,36.86,1728.0,3868.0,50.55,46.5,64.88
2023,Sindh,Mirpur Khas,Sanghar,District,Urban,Agriculture,3803787,563.84,6746.2,53.58,65.28,43.64,105985.0,31.08,11.26,1207,76,60.01,64.34,5172,127.1,30.7,36.97,2862.0,6705.0,39.2,44.79,62.67
2024,Sindh,Mirpur Khas,Sanghar,District,Urban,Healthcare,3478480,437.55,7949.9,56.87,68.25,49.99,131716.0,31.52,9.66,1059,36,52.72,67.21,7942,211.7,26.7,34.74,6274.0,9109.0,52.31,41.65,61.83
2015,Sindh,Mirpur Khas,Umerkot,District,Urban,Mining,819767,181.98,4504.6,55.42,58.43,44.29,67201.0,33.96,12.78,176,18,59.76,52.03,2702,287.0,24.3,29.69,2312.0,4053.0,33.68,51.73,62.78
2016,Sindh,Mirpur Khas,Umerkot,District,Urban,Education,841319,108.88,7726.9,60.62,65.8,44.96,91621.0,28.57,12.72,293,9,59.2,67.43,3668,161.5,21.6,36.72,3648.0,3906.0,53.4,39.0,66.72
2017,Sindh,Mirpur Khas,Umerkot,District,Semi-Urban,Agriculture,853082,202.08,4221.5,62.16,69.91,55.86,48551.0,33.19,12.66,244,10,57.04,72.64,1823,169.9,21.2,24.63,1457.0,2665.0,39.85,36.44,61.65
2018,Sindh,Mirpur Khas,Umerkot,District,Semi-Urban,Construction,898120,869.96,1032.4,59.56,71.53,50.15,88355.0,35.98,10.4,346,13,56.76,51.43,576,159.7,20.6,22.83,3381.0,5406.0,22.38,38.49,66.0
2019,Sindh,Mirpur Khas,Umerkot,District,Semi-Urban,Agriculture,895493,146.24,6123.4,65.89,76.26,60.81,52382.0,24.92,8.36,248,9,70.92,62.31,6121,113.1,31.6,19.98,2004.0,3219.0,28.61,39.99,63.99
2020,Sindh,Mirpur Khas,Umerkot,District,Urban,Construction,930875,164.45,5660.5,56.33,61.8,43.26,120156.0,29.22,10.04,204,9,52.04,61.78,2679,292.2,20.3,35.99,3325.0,6513.0,22.06,47.0,59.67
2021,Sindh,Mirpur Khas,Umerkot,District,Urban,Construction,879725,203.8,4316.6,59.95,64.67,48.18,110673.0,36.46,9.13,290,12,55.14,65.69,3894,119.1,30.5,11.55,3040.0,6270.0,46.03,47.12,63.68
2022,Sindh,Mirpur Khas,Umerkot,District,Semi-Urban,Services,1029264,245.69,4189.2,68.09,79.02,58.42,58805.0,19.86,9.5,301,23,61.45,62.79,4969,265.8,18.2,41.4,2930.0,2349.0,15.28,40.0,65.36
2023,Sindh,Mirpur Khas,Umerkot,District,Urban,Services,1063543,655.66,1622.1,69.52,78.83,50.42,111109.0,23.34,9.07,473,14,72.78,70.86,1822,178.7,20.2,19.93,4035.0,5108.0,20.73,32.68,62.45
2024,Sindh,Mirpur Khas,Umerkot,District,Semi-Urban,Education,1104816,193.82,5700.3,59.11,70.82,49.04,107905.0,34.9,9.6,535,16,61.31,53.28,3953,164.3,26.5,27.48,4101.0,6979.0,27.2,47.22,62.99
2015,Sindh,Rann of Kutch,Rann of Kutch,District,Rural,Construction,3022710,1510.86,2000.7,50.74,60.36,32.24,70051.0,30.93,14.35,630,39,52.7,48.41,676,104.1,30.7,33.97,2914.0,3797.0,47.82,46.47,62.63
2016,Sindh,Rann of Kutch,Rann of Kutch,District,Rural,Healthcare,3089433,621.07,4974.4,60.95,69.24,43.61,106223.0,33.13,10.08,1455,38,56.61,65.79,2487,118.5,29.7,21.24,2417.0,6079.0,54.06,39.93,61.22
2017,Sindh,Rann of Kutch,Rann of Kutch,District,Semi-Urban,Education,3224012,965.48,3339.3,51.33,59.91,42.71,99348.0,35.06,10.88,1408,44,54.5,54.85,2213,168.6,29.2,24.45,2867.0,4788.0,15.01,40.36,60.44
2018,Sindh,Rann of Kutch,Rann of Kutch,District,Rural,Healthcare,3275115,2046.24,1600.6,55.72,60.68,40.05,113936.0,31.91,9.64,1113,43,57.21,47.5,561,195.5,21.8,37.29,4097.0,7482.0,42.69,40.1,63.52
2019,Sindh,Rann of Kutch,Rann of Kutch,District,Urban,Healthcare,3393037,470.24,7215.5,55.41,63.17,39.47,112677.0,27.45,13.02,1514,39,54.21,62.01,5320,264.6,26.0,27.31,3563.0,5220.0,28.96,46.69,59.41
2020,Sindh,Rann of Kutch,Rann of Kutch,District,Urban,Services,3535209,1198.22,2950.4,55.3,62.64,49.19,64674.0,30.7,12.43,826,56,49.81,51.64,2176,102.7,28.5,29.04,2371.0,3100.0,10.74,52.11,62.18
2021,Sindh,Rann of Kutch,Rann of Kutch,District,Urban,Education,3313024,943.98,3509.6,56.37,58.81,51.24,81549.0,38.53,10.49,1107,37,56.63,48.74,1330,179.2,24.1,16.93,3180.0,3314.0,42.89,47.27,60.96
2022,Sindh,Rann of Kutch,Rann of Kutch,District,Rural,Mining,3245257,2309.59,1405.1,57.15,60.58,42.56,95563.0,29.97,11.25,708,43,60.32,68.34,753,111.7,28.4,36.13,2364.0,3631.0,16.09,54.51,65.8
2023,Sindh,Rann of Kutch,Rann of Kutch,District,Rural,Agriculture,3936516,826.45,4763.2,64.26,72.49,58.63,114540.0,24.81,8.71,962,63,70.69,66.11,1999,264.9,31.6,29.69,5614.0,5034.0,34.01,40.21,60.42
2024,Sindh,Rann of Kutch,Rann of Kutch,District,Rural,Services,3956657,1457.56,2714.6,65.93,77.56,49.73,97310.0,32.89,13.1,1334,44,74.06,67.85,3076,127.4,22.5,30.9,2603.0,3272.0,22.67,35.38,62.42
2015,Sindh,Sukkur,Ghotki,District,Rural,Manufacturing,2494912,541.17,4610.2,55.88,67.68,45.92,52247.0,33.65,10.49,787,32,58.23,53.16,3860,267.8,22.0,25.19,2120.0,1880.0,17.06,52.19,61.98
2016,Sindh,Sukkur,Ghotki,District,Urban,Services,2550631,891.29,2861.7,56.03,62.26,46.38,76944.0,26.63,14.16,791,62,64.97,55.79,2014,262.2,29.8,27.87,3017.0,4641.0,30.14,56.09,61.99
2017,Sindh,Sukkur,Ghotki,District,Semi-Urban,Education,2659948,1793.49,1483.1,50.97,53.64,35.75,73591.0,36.15,15.81,869,26,51.36,50.62,1292,114.2,31.4,21.66,1671.0,3671.0,20.37,45.62,58.87
2018,Sindh,Sukkur,Ghotki,District,Rural,Education,2588473,834.6,3101.5,55.5,61.92,45.6,76922.0,30.71,13.72,779,59,51.88,52.29,1978,115.0,21.4,28.95,2148.0,4601.0,21.94,40.8,63.71
2019,Sindh,Sukkur,Ghotki,District,Rural,Education,2651609,914.65,2899.1,64.58,74.16,48.55,96569.0,31.46,12.2,550,27,66.87,61.28,2371,192.0,26.0,27.15,3084.0,6622.0,51.96,42.36,66.44
2020,Sindh,Sukkur,Ghotki,District,Rural,Construction,2940599,831.94,3534.6,65.49,70.13,51.38,111124.0,29.21,10.2,1111,49,72.22,66.74,2320,139.0,22.5,13.1,5406.0,4997.0,40.17,39.05,65.55
2021,Sindh,Sukkur,Ghotki,District,Urban,Manufacturing,2838184,364.84,7779.3,58.98,69.03,41.14,109041.0,26.52,10.17,569,34,65.79,66.16,3481,117.7,21.7,17.62,4155.0,5158.0,14.51,42.37,61.88
2022,Sindh,Sukkur,Ghotki,District,Rural,Healthcare,2789028,420.65,6630.3,74.42,79.31,56.51,69339.0,25.22,10.99,685,36,74.16,78.98,5334,126.7,25.9,14.03,1664.0,2746.0,11.8,37.87,66.87
2023,Sindh,Sukkur,Ghotki,District,Urban,Manufacturing,2790551,427.4,6529.2,68.25,76.47,49.48,87011.0,24.63,9.03,570,44,74.32,71.07,6195,151.7,24.2,29.67,4005.0,4879.0,41.91,41.6,65.1
2024,Sindh,Sukkur,Ghotki,District,Urban,Manufacturing,2757188,1476.24,1867.7,61.31,68.47,44.34,77370.0,27.05,12.09,740,50,70.05,53.42,2176,223.4,21.2,30.91,2696.0,2540.0,23.2,43.54,65.05
2015,Sindh,Sukkur,Khairpur,District,Semi-Urban,Services,2602277,400.49,6497.7,64.98,67.56,46.53,81486.0,29.29,10.56,754,29,71.42,61.8,4501,153.7,22.8,22.71,3316.0,4473.0,51.67,42.66,65.99
2016,Sindh,Sukkur,Khairpur,District,Rural,Healthcare,2641424,1844.08,1432.4,55.54,61.87,38.94,105641.0,36.09,12.21,1313,29,61.82,66.9,623,142.7,20.2,40.15,2519.0,5068.0,38.14,47.11,59.59
2017,Sindh,Sukkur,Khairpur,District,Semi-Urban,Manufacturing,2716289,2548.73,1065.7,62.1,73.36,49.93,60710.0,31.94,10.0,582,38,70.29,71.89,855,180.4,22.2,27.63,1310.0,2740.0,29.93,49.86,66.46
2018,Sindh,Sukkur,Khairpur,District,Semi-Urban,Construction,2688013,1517.8,1771.0,50.94,55.91,34.07,89453.0,30.52,14.15,765,46,55.3,44.99,962,264.8,27.0,33.05,3602.0,5791.0,12.41,58.98,58.21
2019,Sindh,Sukkur,Khairpur,District,Rural,Construction,2837069,660.16,4297.5,52.07,62.5,44.67,101877.0,33.76,10.61,863,43,52.43,62.78,2027,268.4,24.0,31.82,3591.0,7059.0,21.03,44.71,58.57
2020,Sindh,Sukkur,Khairpur,District,Semi-Urban,Agriculture,2956571,390.11,7578.8,68.21,75.07,58.49,107385.0,22.05,5.94,635,33,75.58,72.56,5839,156.5,24.3,22.63,2849.0,5743.0,36.38,37.18,65.11
2021,Sindh,Sukkur,Khairpur,District,Rural,Mining,3093737,505.99,6114.2,56.78,63.06,41.19,102406.0,33.07,9.73,685,37,63.74,60.23,6724,115.5,26.4,41.26,4548.0,3130.0,36.52,51.07,63.65
2022,Sindh,Sukkur,Khairpur,District,Urban,Manufacturing,2929252,536.12,5463.8,47.6,52.17,27.97,107161.0,32.87,9.67,1206,45,55.92,46.39,2135,125.5,28.4,34.54,4453.0,5726.0,27.15,53.13,59.99
2023,Sindh,Sukkur,Khairpur,District,Urban,Construction,3383609,628.7,5381.9,64.78,73.77,59.53,97567.0,26.04,7.35,849,35,63.24,60.83,3730,286.6,21.2,22.43,3997.0,6514.0,18.21,44.25,68.04
2024,Sindh,Sukkur,Khairpur,District,Rural,Education,2951330,445.51,6624.7,59.76,65.17,45.21,129926.0,25.68,12.09,600,35,58.35,60.75,4992,134.5,30.5,21.52,4515.0,8301.0,42.18,39.92,62.58
2015,Sindh,Sukkur,Naushahro Firoz,District,Semi-Urban,Education,3189035,2175.69,1465.8,60.79,66.67,51.44,99540.0,27.98,8.47,951,40,64.45,52.83,541,231.5,31.6,18.54,4175.0,5765.0,12.23,52.19,64.01
2016,Sindh,Sukkur,Naushahro Firoz,District,Semi-Urban,Construction,3241288,924.47,3506.1,62.81,68.06,46.52,86052.0,30.66,11.63,952,32,65.53,72.84,3019,293.7,23.5,31.98,3186.0,5324.0,29.28,42.39,65.08
2017,Sindh,Sukkur,Naushahro Firoz,District,Urban,Construction,3284258,1421.26,2310.8,53.91,56.5,36.32,90915.0,30.6,7.65,1633,42,62.29,48.91,867,179.0,19.7,44.65,2911.0,2754.0,49.6,51.97,59.51
2018,Sindh,Sukkur,Naushahro Firoz,District,Semi-Urban,Construction,3388883,1172.66,2889.9,54.26,59.54,43.28,72535.0,26.59,9.44,1011,48,63.1,52.73,1782,233.1,25.3,31.35,3608.0,2676.0,44.14,46.63,63.51
2019,Sindh,Sukkur,Naushahro Firoz,District,Urban,Construction,3475753,6303.91,551.4,50.81,53.38,41.44,69192.0,33.59,9.97,1100,52,53.54,59.37,340,261.7,30.0,30.31,2059.0,2502.0,13.21,56.69,56.76
2020,Sindh,Sukkur,Naushahro Firoz,District,Urban,Construction,3738324,1525.79,2450.1,62.6,69.89,54.57,112095.0,26.25,11.5,867,49,63.42,59.13,772,128.7,29.9,23.63,4850.0,7114.0,51.05,47.97,61.15
2021,Sindh,Sukkur,Naushahro Firoz,District,Rural,Construction,3819302,639.06,5976.4,64.29,75.45,55.27,115866.0,24.93,12.13,1137,39,63.98,55.56,2119,224.4,29.3,24.7,2475.0,6691.0,33.07,46.65,63.88
2022,Sindh,Sukkur,Naushahro Firoz,District,Semi-Urban,Agriculture,3876573,644.04,6019.1,64.56,72.4,50.89,95233.0,26.38,9.73,1451,39,69.76,60.44,6267,113.8,21.8,28.07,3264.0,4704.0,29.5,37.98,64.75
2023,Sindh,Sukkur,Naushahro Firoz,District,Rural,Services,4074918,845.61,4818.9,68.37,73.07,57.53,119426.0,18.38,8.79,1177,45,66.58,61.17,5411,153.7,20.9,21.9,4051.0,5274.0,10.59,41.04,68.66
2024,Sindh,Sukkur,Naushahro Firoz,District,Rural,Mining,4133845,986.35,4191.1,61.72,70.49,48.13,117570.0,21.29,13.22,832,42,55.76,58.9,4381,228.0,31.3,19.3,5036.0,3739.0,49.97,48.18,63.76
2015,Sindh,Sukkur,Nawab Shah,District,Semi-Urban,Services,2816266,549.25,5127.4,60.92,68.92,42.25,55115.0,27.8,8.09,1001,35,66.96,52.67,3940,146.7,19.3,27.83,2112.0,3574.0,44.32,35.99,65.87
2016,Sindh,Sukkur,Nawab Shah,District,Urban,Education,2877424,1742.06,1651.7,67.0,72.65,56.56,98533.0,25.08,9.88,1072,38,66.9,66.15,954,157.1,24.1,16.62,3489.0,4632.0,52.69,37.31,63.57
2017,Sindh,Sukkur,Nawab Shah,District,Urban,Healthcare,2911015,658.58,4420.1,65.01,75.75,50.39,105605.0,30.4,10.63,1175,72,66.34,69.74,5055,267.8,22.5,37.32,2448.0,4944.0,41.33,39.65,67.15
2018,Sindh,Sukkur,Nawab Shah,District,Rural,Services,2954644,1676.52,1762.4,62.17,68.77,52.97,99424.0,29.25,11.52,632,70,65.6,67.3,2000,175.3,26.7,36.05,2614.0,6360.0,47.74,45.61,64.05
2019,Sindh,Sukkur,Nawab Shah,District,Urban,Healthcare,3061424,905.85,3379.6,57.58,64.88,37.86,97905.0,34.53,6.46,1202,40,61.68,61.79,1288,236.3,23.2,18.81,3547.0,3523.0,50.21,50.35,61.78
2020,Sindh,Sukkur,Nawab Shah,District,Urban,Manufacturing,3256488,487.87,6675.0,57.91,62.27,38.99,113819.0,31.21,12.11,729,44,58.33,60.2,3324,267.2,31.1,38.62,3894.0,5465.0,30.71,42.68,62.66
2021,Sindh,Sukkur,Nawab Shah,District,Urban,Healthcare,3219722,409.88,7855.2,59.4,65.68,42.95,95233.0,28.68,13.12,692,59,63.65,61.95,8008,107.2,29.4,42.1,3454.0,5286.0,47.08,49.13,67.16
2022,Sindh,Sukkur,Nawab Shah,District,Semi-Urban,Agriculture,3048641,1170.64,2604.3,57.98,63.12,45.53,120914.0,29.42,11.9,897,45,57.02,54.47,3098,225.4,24.2,35.21,5605.0,6262.0,36.7,42.88,61.49
2023,Sindh,Sukkur,Nawab Shah,District,Rural,Healthcare,3447660,885.55,3893.2,65.25,70.94,51.53,60029.0,32.31,7.42,1310,48,64.01,56.76,3663,198.8,18.8,19.13,1904.0,2773.0,54.44,44.95,63.64
2024,Sindh,Sukkur,Nawab Shah,District,Semi-Urban,Agriculture,3478660,751.54,4628.7,58.48,62.86,52.29,98291.0,23.86,11.11,1044,66,52.98,52.82,2140,103.4,24.7,26.47,4725.0,6040.0,27.96,40.12,64.38
2015,Sindh,Sukkur,Sukkur,District,Rural,Mining,2639518,2272.28,1161.6,65.04,73.6,54.24,65024.0,26.98,11.84,569,36,60.86,66.63,1150,257.8,25.3,29.95,2891.0,2020.0,44.31,37.84,60.41
2016,Sindh,Sukkur,Sukkur,District,Urban,Manufacturing,2720519,774.32,3513.4,57.48,67.27,49.19,46785.0,32.61,15.81,656,29,60.67,66.32,2279,109.4,26.2,21.14,1787.0,1836.0,36.53,40.81,60.35
2017,Sindh,Sukkur,Sukkur,District,Rural,Mining,2729340,498.91,5470.7,57.21,64.12,51.55,92708.0,28.18,12.42,600,34,60.61,57.71,3678,109.2,28.0,38.24,3296.0,5487.0,30.71,48.02,62.37
2018,Sindh,Sukkur,Sukkur,District,Rural,Services,2765247,910.4,3037.4,58.67,69.66,41.59,113059.0,25.45,10.73,679,67,60.11,54.6,1811,120.3,20.4,27.03,4405.0,6473.0,19.81,42.58,59.47
2019,Sindh,Sukkur,Sukkur,District,Rural,Agriculture,2961475,406.35,7288.0,61.63,70.73,48.88,80360.0,25.81,7.62,963,37,63.33,64.74,4227,235.1,28.3,31.38,3974.0,4138.0,22.61,37.61,62.81
2020,Sindh,Sukkur,Sukkur,District,Rural,Manufacturing,2810283,2870.02,979.2,63.94,73.87,44.27,57478.0,36.58,9.22,602,28,67.32,68.38,646,250.5,31.1,14.89,2857.0,1986.0,48.29,46.67,64.82
2021,Sindh,Sukkur,Sukkur,District,Urban,Manufacturing,3073499,409.37,7508.0,50.1,52.64,38.41,81927.0,38.14,13.74,853,69,45.66,55.37,6568,275.7,24.3,27.46,2382.0,5007.0,49.71,56.2,62.3
2022,Sindh,Sukkur,Sukkur,District,Rural,Services,2963468,1101.9,2689.4,59.03,68.28,42.44,86806.0,40.33,10.48,915,43,65.28,50.67,2778,252.3,21.2,21.98,1909.0,3361.0,29.23,45.21,64.65
2023,Sindh,Sukkur,Sukkur,District,Rural,Education,2935360,1371.84,2139.7,62.15,65.75,46.55,81273.0,27.41,12.5,839,36,68.97,59.93,925,289.0,23.1,37.34,2696.0,2778.0,50.95,28.7,64.51
2024,Sindh,Sukkur,Sukkur,District,Rural,Manufacturing,3149950,518.7,6072.8,53.14,56.78,43.58,102521.0,36.61,14.42,762,65,60.27,51.8,2778,173.7,27.9,26.95,2329.0,6580.0,46.97,45.6,59.3
